CD_REF,Regroupement,NOM_VALIDE,GBIF,AccSpeciesID,KEW_binomial_acc_name,PFAF_name,PFAF_name
79691,Angiosperm,"Acacia dealbata Link, 1822",2979474,279,Acacia dealbata,Acacia dealbata,Acacia dealbata
79734,Angiosperm,"Acer campestre L., 1753",3189863,797,Acer campestre,Acer campestre,Acer campestre
79766,Angiosperm,"Acer negundo L., 1753",3189866,841,Acer negundo,Acer negundo,Acer negundo
79887,Angiosperm,"Achillea erba-rotta All., 1773",9536147,904,Achillea erba-rotta,Achillea erba-rotta,Achillea erba-rotta
79908,Angiosperm,"Achillea millefolium L., 1753",3120060,909,Achillea millefolium,Achillea millefolium,Achillea millefolium
79913,Angiosperm,"Achillea nana L., 1753",8714852,911,Achillea nana,not_found,not_found
79921,Angiosperm,"Achillea ptarmica L., 1753",3120333,916,Achillea ptarmica,Achillea ptarmica,Achillea ptarmica
79939,Angiosperm,"Achillea tomentosa L., 1753",7787053,73481,not_found,not_found,not_found
80007,Angiosperm,"Aconitum anthora L., 1753",3033670,73526,Aconitum anthora,not_found,not_found
80034,Angiosperm,"Aconitum lycoctonum L., 1753",3033675,1027,Aconitum lycoctonum,Aconitum lycoctonum,Aconitum lycoctonum
80037,Angiosperm,"Aconitum napellus L., 1753",3033665,1028,Aconitum napellus,Aconitum napellus,Aconitum napellus
80066,Angiosperm,"Aconitum variegatum L., 1753",8090449,1037,Aconitum variegatum,not_found,not_found
80086,Angiosperm,"Acorus calamus L., 1753",2873769,1045,Acorus calamus,Acorus calamus,Acorus calamus
80137,Angiosperm,"Actaea spicata L., 1753",5371473,1133,Actaea spicata,Actaea spicata,Actaea spicata
80212,Angiosperm,"Adonis annua L., 1753 [nom. et typ. cons.]",5371709,1361,Adonis annua,not_found,not_found
80240,Angiosperm,"Adonis vernalis L., 1753",5371711,1364,Adonis vernalis,Adonis vernalis,Adonis vernalis
80322,Angiosperm,"Aegopodium podagraria L., 1753",3034620,1439,Aegopodium podagraria,Aegopodium podagraria,Aegopodium podagraria
80358,Angiosperm,"Aethusa cynapium L., 1753",5371825,1593,Aethusa cynapium,Aethusa cynapium,Aethusa cynapium
80383,Angiosperm,"Agave americana L., 1753",2767031,1679,Agave americana,Agave americana,Agave americana
80410,Angiosperm,"Agrimonia eupatoria L., 1753",3001956,1810,Agrimonia eupatoria,Agrimonia eupatoria,Agrimonia eupatoria
80417,Angiosperm,"Agrimonia procera Wallr., 1840",3002121,1815,Agrimonia procera,not_found,not_found
80546,Angiosperm,"Agrostemma githago L., 1753",3085368,1869,Agrostemma githago,Agrostemma githago,Agrostemma githago
80824,Angiosperm,"Ailanthus altissima (Mill.) Swingle, 1916",3190653,2124,Ailanthus altissima,Ailanthus altissima,Ailanthus altissima
80978,Angiosperm,"Ajuga chamaepitys (L.) Schreb., 1773",2927080,2162,Ajuga chamaepitys,Ajuga chamaepitys,Ajuga chamaepitys
80980,Angiosperm,"Ajuga genevensis L., 1753",2927079,2165,Ajuga genevensis,not_found,not_found
80988,Angiosperm,"Ajuga pyramidalis L., 1753",8429926,2170,Ajuga pyramidalis,not_found,not_found
80990,Angiosperm,"Ajuga reptans L., 1753",2927078,2172,Ajuga reptans,Ajuga reptans,Ajuga reptans
81027,Angiosperm,"Alchemilla acutiloba Opiz, 1838",7890713,2297,Alchemilla vulgaris,not_found,not_found
81033,Angiosperm,"Alchemilla alpina L., 1753",3027648,2299,Alchemilla alpina,Alchemilla alpina,Alchemilla alpina
81295,Angiosperm,"Alliaria petiolata (M.Bieb.) Cavara & Grande, 1913",5376075,2496,Alliaria petiolata,Alliaria petiolata,Alliaria petiolata
81499,Angiosperm,"Allium roseum L., 1753",2855893,2560,Allium roseum,Allium roseum,Allium roseum
81508,Angiosperm,"Allium schoenoprasum L., 1753",2855860,2566,Allium schoenoprasum,Allium schoenoprasum,Allium schoenoprasum
81541,Angiosperm,"Allium ursinum L., 1753",2857601,2587,Allium ursinum,Allium ursinum,Allium ursinum
81543,Angiosperm,"Allium victorialis L., 1753",2857132,2589,Allium victorialis,Allium victorialis,Allium victorialis
81563,Angiosperm,"Alnus alnobetula (Ehrh.) K.Koch, 1872",8956987,2704,Alnus alnobetula,not_found,not_found
81569,Angiosperm,"Alnus glutinosa (L.) Gaertn., 1790",2876213,2710,Alnus glutinosa,Alnus glutinosa,Alnus glutinosa
81570,Angiosperm,"Alnus incana (L.) Moench, 1794",9148577,2712,Alnus incana,Alnus incana,Alnus incana
81856,Angiosperm,"Althaea officinalis L., 1753",3152520,3003,Althaea officinalis,Althaea officinalis,Althaea officinalis
82018,Angiosperm,"Amaranthus retroflexus L., 1753",6109534,3134,Amaranthus retroflexus,Amaranthus retroflexus,Amaranthus retroflexus
82080,Angiosperm,"Ambrosia artemisiifolia L., 1753",8002952,3157,Ambrosia artemisiifolia,not_found,not_found
82130,Angiosperm,"Ammi majus L., 1753",3034182,3210,Ammi majus,Ammi majus,Ammi majus
82391,Angiosperm,"Anchusa officinalis L., 1753",5341201,3462,Anchusa officinalis,Anchusa officinalis,Anchusa officinalis
82637,Angiosperm,"Anemone nemorosa L., 1753",3033263,3691,Anemonoides nemorosa,Anemone nemorosa,Anemone nemorosa
82656,Angiosperm,"Anemone ranunculoides L., 1753",3033266,3701,Anemonoides ranunculoides,not_found,not_found
82738,Angiosperm,"Angelica sylvestris L., 1753",5371818,3738,Angelica sylvestris,Angelica sylvestris,Angelica sylvestris
82796,Angiosperm,"Antennaria dioica (L.) Gaertn., 1791",5385604,3925,Antennaria dioica,Antennaria dioica,Antennaria dioica
82922,Angiosperm,"Anthoxanthum odoratum L., 1753",2705975,4036,Anthoxanthum odoratum,Anthoxanthum odoratum,Anthoxanthum odoratum
82952,Angiosperm,"Anthriscus sylvestris (L.) Hoffm., 1814",5371742,4045,Anthriscus sylvestris,Anthriscus sylvestris,Anthriscus sylvestris
82999,Angiosperm,"Anthyllis vulneraria L., 1753",5352367,4072,Anthyllis vulneraria,Anthyllis vulneraria,Anthyllis vulneraria
83058,Angiosperm,"Antirrhinum majus L., 1753",3172001,4128,Antirrhinum majus,Antirrhinum majus,Antirrhinum majus
83195,Angiosperm,"Apium graveolens L., 1753",5371879,4210,Apium graveolens,Apium graveolens,Apium graveolens
83267,Angiosperm,"Aquilegia vulgaris L., 1753",3033191,4337,Aquilegia vulgaris,Aquilegia vulgaris,Aquilegia vulgaris
83481,Angiosperm,"Arbutus unedo L., 1753",2882803,4447,Arbutus unedo,Arbutus unedo,Arbutus unedo
83499,Angiosperm,"Arctium lappa L., 1753",7353729,4489,Arctium lappa,Arctium lappa,Arctium lappa
83502,Angiosperm,"Arctium minus (Hill) Bernh., 1800",5393103,4491,Arctium minus,Arctium minus,Arctium minus
83653,Angiosperm,"Arenaria serpyllifolia L., 1753",8089871,4614,Arenaria serpyllifolia,Arenaria serpyllifolia,Arenaria serpyllifolia
117874,Angiosperm,"Roemeria argemone (L.) C.Morales, R.Mend. & Romero Garc�a, 1988",2888485,4634,Argemone mexicana,Argemone mexicana,Argemone mexicana
83714,Angiosperm,"Argentina anserina (L.) Rydb., 1899",5367246,64234,Argentina anserina,not_found,not_found
83777,Angiosperm,"Aristolochia clematitis L., 1753",2873991,75335,Aristolochia clematitis,Aristolochia clematitis,Aristolochia clematitis
83793,Angiosperm,"Aristolochia rotunda L., 1753",2874019,5060,Aristolochia rotunda,Aristolochia rotunda,Aristolochia rotunda
83832,Angiosperm,"Armeria maritima (Mill.) Willd., 1809",8930531,5085,Armeria maritima,Armeria maritima,Armeria maritima
83866,Angiosperm,"Armoracia rusticana G.Gaertn., B.Mey. & Scherb., 1800",3041022,5093,Armoracia rusticana,Armoracia rusticana,Armoracia rusticana
83874,Angiosperm,"Arnica montana L., 1753",5405976,5104,Arnica montana,Arnica montana,Arnica montana
83912,Angiosperm,"Arrhenatherum elatius (L.) P.Beauv. ex J.Presl & C.Presl, 1819",2704505,5134,Arrhenatherum elatius,not_found,not_found
83933,Angiosperm,"Artemisia absinthium L., 1753",3121319,5155,Artemisia absinthium,Artemisia absinthium,Artemisia absinthium
83938,Angiosperm,"Artemisia annua L., 1753",8373355,5160,Artemisia annua,Artemisia annua,Artemisia annua
83973,Angiosperm,"Artemisia genipi Weber, 1775",7511951,5188,Artemisia genipi,not_found,not_found
83974,Angiosperm,"Artemisia glacialis L., 1763",8102092,75422,Artemisia glacialis,Artemisia glacialis,Artemisia glacialis
84003,Angiosperm,"Artemisia maritima L., 1753",3121650,5209,Artemisia maritima,Artemisia maritima,Artemisia maritima
84053,Angiosperm,"Artemisia umbelliformis Lam., 1783",8981321,5253,Artemisia umbelliformis,Artemisia umbelliformis,Artemisia umbelliformis
84061,Angiosperm,"Artemisia vulgaris L., 1753",3120946,5257,Artemisia vulgaris,Artemisia vulgaris,Artemisia umbelliformis
84110,Angiosperm,"Arum italicum Mill., 1768",5330661,5392,Arum italicum,not_found,Artemisia vulgaris
84112,Angiosperm,"Arum maculatum L., 1753",5330580,5393,Arum maculatum,Arum maculatum,not_found
84135,Angiosperm,"Aruncus dioicus (Walter) Fernald, 1939",5362136,5395,Aruncus dioicus,Aruncus dioicus,Arum maculatum
84173,Angiosperm,"Arundo donax L., 1753",2703041,5471,Arundo donax,Arundo donax,Aruncus dioicus
84195,Angiosperm,"Arundo micrantha Lam., 1791",4110789,407006,not_found,not_found,Arundo donax
84230,Angiosperm,"Asarum europaeum L., 1753",7313595,5485,Asarum europaeum,Asarum europaeum,not_found
84251,Angiosperm,"Asclepias syriaca L., 1753",3170247,5512,Asclepias syriaca,Asclepias syriaca,Asarum europaeum
84279,Angiosperm,"Asparagus officinalis L., 1753",2768885,5540,Asparagus officinalis,Asparagus officinalis,Asclepias syriaca
84306,Angiosperm,"Asperula cynanchica L., 1753",12225742,5558,not_found,Asperula cynanchica,Asparagus officinalis
84330,Angiosperm,"Asperula tinctoria L., 1753",2916767,5570,Asperula tinctoria,Asperula tinctoria,Asperula cynanchica
84338,Angiosperm,"Asphodelus albus Mill., 1768",2778457,5575,Asphodelus albus,Asphodelus albus,Asperula tinctoria
84936,Angiosperm,"Astrantia major L., 1753",3034915,5917,Astrantia major,Astrantia major,Asphodelus albus
85502,Angiosperm,"Ballota nigra L., 1753",2926894,6666,Ballota nigra,Ballota nigra,Astrantia major
761965,Angiosperm,"Barbarea vulgaris W.T.Aiton, 1812",5708780,6903,Barbarea vulgaris,Barbarea vulgaris,Ballota nigra
85740,Angiosperm,"Bellis perennis L., 1753",3117424,7173,Bellis perennis,Bellis perennis,Barbarea vulgaris
85774,Angiosperm,"Berberis vulgaris L., 1753",3033894,7230,Berberis vulgaris,Berberis vulgaris,Bellis perennis
85820,Angiosperm,"Beta vulgaris L., 1753",8971274,7314,Beta vulgaris,not_found,Berberis vulgaris
85903,Angiosperm,"Betula pendula Roth, 1788",5331916,7356,Betula pendula,Betula pendula,not_found
85904,Angiosperm,"Betula pubescens Ehrh., 1791",9118014,7359,Betula pubescens,Betula pubescens,Betula pendula
85972,Angiosperm,"Bidens pilosa L., 1753",5391845,7402,Bidens pilosa,Bidens pilosa,Betula pubescens
86081,Angiosperm,"Bistorta officinalis Delarbre, 1800",6390806,7471,Bistorta officinalis,not_found,Bidens pilosa
86087,Angiosperm,"Blackstonia perfoliata (L.) Huds., 1762",6366886,7485,not_found,Blackstonia perfoliata,not_found
994837,Angiosperm,"Blitum bonus-henricus (L.) Rchb., 1832",8044896,408597,Blitum bonus-henricus,not_found,Blackstonia perfoliata
86156,Angiosperm,"Borago officinalis L., 1753",2926110,7725,Borago officinalis,Borago officinalis,not_found
86490,Angiosperm,"Briza media L., 1753",2702789,8361,Briza media,not_found,Borago officinalis
86890,Angiosperm,"Buglossoides arvensis (L.) I.M.Johnst., 1954",2925901,8778,Buglossoides arvensis,Buglossoides arvensis,not_found
86969,Angiosperm,"Bunias erucago L., 1753",3050357,8865,not_found,not_found,Buglossoides arvensis
87044,Angiosperm,"Bupleurum falcatum L., 1753",6027105,8878,Bupleurum falcatum,Bupleurum falcatum,not_found
87143,Angiosperm,"Buxus sempervirens L., 1753",2984671,8964,Buxus sempervirens,Buxus sempervirens,Bupleurum falcatum
87420,Angiosperm,"Calendula arvensis L., 1763",9182765,9482,Calendula arvensis,Calendula arvensis,Buxus sempervirens
87501,Angiosperm,"Calluna vulgaris (L.) Hull, 1808",2882482,9621,Calluna vulgaris,Calluna vulgaris,Calendula arvensis
87540,Angiosperm,"Caltha palustris L., 1753",5371685,9768,Caltha palustris,Caltha palustris,Calluna vulgaris
87690,Angiosperm,"Campanula patula L., 1753",5410564,9957,not_found,not_found,Caltha palustris
87712,Angiosperm,"Campanula rapunculus L., 1753",5411920,9968,Campanula rapunculus,Campanula rapunculus,not_found
87720,Angiosperm,"Campanula rotundifolia L., 1753",5410907,9970,Campanula rotundifolia,not_found,Campanula rapunculus
87742,Angiosperm,"Campanula trachelium L., 1753",5412014,9980,Campanula trachelium,not_found,not_found
87964,Angiosperm,"Cardamine pratensis L., 1753",7972010,10304,Cardamine pratensis,Cardamine pratensis,not_found
89147,Angiosperm,"Carlina acaulis L., 1753",3105433,10746,Carlina acaulis,Carlina acaulis,Cardamine pratensis
89180,Angiosperm,"Carlina vulgaris L., 1753",3105380,10752,Carlina vulgaris,Carlina vulgaris,Carlina acaulis
89200,Angiosperm,"Carpinus betulus L., 1753",2875818,10773,Carpinus betulus,Carpinus betulus,Carlina vulgaris
89232,Angiosperm,"Carthamus lanatus L., 1753",3138230,10811,Carthamus lanatus,not_found,Carpinus betulus
89250,Angiosperm,"Carum carvi L., 1753",3034714,10820,Carum carvi,Carum carvi,not_found
89304,Angiosperm,"Castanea sativa Mill., 1768",5333294,11068,Castanea sativa,Castanea sativa,Carum carvi
89468,Angiosperm,"Celtis australis L., 1753",2984492,11471,Celtis australis,Celtis australis,Castanea sativa
89531,Angiosperm,"Centaurea benedicta (L.) L., 1763",3127691,212628,Centaurea benedicta,not_found,Celtis australis
89542,Angiosperm,"Centaurea calcitrapa L., 1753",3128483,11563,Centaurea calcitrapa,Centaurea calcitrapa,not_found
89619,Angiosperm,"Centaurea jacea L., 1753",3128547,11583,Centaurea jacea,Centaurea jacea,Centaurea calcitrapa
89653,Angiosperm,"Centaurea nigra L., 1753",3128225,11598,Centaurea nigra,Centaurea nigra,Centaurea jacea
89840,Angiosperm,"Centaurium erythraea Rafn, 1800",5414457,11635,Centaurium erythraea,Centaurium erythraea,Centaurea nigra
89888,Angiosperm,"Centranthus ruber (L.) DC., 1805",2888740,11669,Valeriana rubra,Centranthus ruber,Centaurium erythraea
447038,Angiosperm,"Ceratonia siliqua L., 1753",5356354,11825,Ceratonia siliqua,Ceratonia siliqua,Centranthus ruber
90234,Angiosperm,"Cercis siliquastrum L., 1753",5353590,11857,Cercis siliquastrum,Cercis siliquastrum,Ceratonia siliqua
90470,Angiosperm,"Chamaemelum nobile (L.) All., 1785",5391599,12048,Chamaemelum nobile,Chamaemelum nobile,Cercis siliquastrum
90669,Angiosperm,"Chelidonium majus L., 1753",5334186,12151,Chelidonium majus,Chelidonium majus,Chamaemelum nobile
90681,Angiosperm,"Chenopodium album L., 1753",3083838,12159,Chenopodium album,Chenopodium album,Chelidonium majus
90836,Angiosperm,"Chenopodium vulvaria L., 1753",3083932,12245,Chenopodium vulvaria,Chenopodium vulvaria,Chenopodium album
717139,Angiosperm,"Chiliadenus glutinosus (L.) Fourr., 1869",3089839,213567,Chiliadenus glutinosus,not_found,Chenopodium vulvaria
90954,Angiosperm,"Chondrilla juncea L., 1753",8537667,12534,not_found,Chondrilla juncea,not_found
91169,Angiosperm,"Cichorium intybus L., 1753",5392252,12917,Cichorium intybus,Cichorium intybus,Chondrilla juncea
91199,Angiosperm,"Cicuta virosa L., 1753",5371864,12925,Cicuta virosa,Cicuta virosa,Cichorium intybus
621080,Angiosperm,"Cirsium acaulon (L.) Scop., 1769",3112694,13011,not_found,Cirsium acaulon,Cicuta virosa
91289,Angiosperm,"Cirsium arvense (L.) Scop., 1772",3113414,13016,Cirsium arvense,Cirsium arvense,Cirsium acaulon
91410,Angiosperm,"Cirsium spinosissimum (L.) Scop., 1769",8322056,13065,not_found,not_found,Cirsium arvense
91680,Angiosperm,"Cistus ladanifer L., 1753",6437976,13144,Cistus ladanifer,Cistus ladanifer,not_found
91880,Angiosperm,"Clematis recta L., 1753",3033543,13401,Clematis recta,Clematis recta,Cistus ladanifer
91886,Angiosperm,"Clematis vitalba L., 1753",3033558,13413,Clematis vitalba,Clematis vitalba,Clematis recta
91904,Angiosperm,"Clinopodium grandiflorum (L.) Kuntze, 1891",7437438,72497,not_found,not_found,Clematis vitalba
91910,Angiosperm,"Clinopodium nepeta (L.) Kuntze, 1891",8916040,79111,Clinopodium nepeta,not_found,not_found
91912,Angiosperm,"Clinopodium vulgare L., 1753",2926945,13561,Clinopodium vulgare,Clinopodium vulgare,not_found
92052,Angiosperm,"Cochlearia officinalis L., 1753",5373276,13722,Cochlearia officinalis,Cochlearia officinalis,not_found
92127,Angiosperm,"Colchicum autumnale L., 1753",2739622,13878,Colchicum autumnale,Colchicum autumnale,Clinopodium vulgare
92196,Angiosperm,"Colutea arborescens L., 1753",7844167,13980,Colutea arborescens,Colutea arborescens,Cochlearia officinalis
92237,Angiosperm,"Conium maculatum L., 1753",3034807,14183,Conium maculatum,Conium maculatum,Colchicum autumnale
92282,Angiosperm,"Convallaria majalis L., 1753",7459480,14240,Convallaria majalis,Convallaria majalis,Colutea arborescens
92302,Angiosperm,"Convolvulus arvensis L., 1753",2928390,14244,Convolvulus arvensis,Convolvulus arvensis,Conium maculatum
92467,Angiosperm,"Coriaria myrtifolia L., 1753",3701787,14515,Coriaria myrtifolia,Coriaria myrtifolia,Convallaria majalis
92497,Angiosperm,"Cornus mas L., 1753",3082263,14580,Cornus mas,Cornus mas,Convolvulus arvensis
92501,Angiosperm,"Cornus sanguinea L., 1753",3082234,14595,Cornus sanguinea,Cornus sanguinea,Coriaria myrtifolia
92606,Angiosperm,"Corylus avellana L., 1753",2875979,14688,Corylus avellana,Corylus avellana,Cornus mas
92631,Angiosperm,"Cotinus coggygria Scop., 1771",3190522,14789,Cotinus coggygria,Cotinus coggygria,Cornus sanguinea
92824,Angiosperm,"Crataegus azarolus L., 1753",3013739,15060,Crataegus azarolus,Crataegus azarolus,Corylus avellana
92864,Angiosperm,"Crataegus laevigata (Poir.) DC., 1825",8252683,15080,Crataegus laevigata,Crataegus laevigata,Cotinus coggygria
92876,Angiosperm,"Crataegus monogyna Jacq., 1775",9220780,15090,Crataegus monogyna,Crataegus monogyna,Crataegus azarolus
93045,Angiosperm,"Crepis foetida L., 1753",5403470,15177,not_found,not_found,Crataegus laevigata
93129,Angiosperm,"Crepis sancta (L.) Bornm., 1913",5403605,15197,not_found,not_found,Crataegus monogyna
93157,Angiosperm,"Crepis vesicaria L., 1753",5403709,15206,Crepis vesicaria,not_found,not_found
93190,Angiosperm,"Crithmum maritimum L., 1753",3632234,15227,Crithmum maritimum,Crithmum maritimum,not_found
93308,Angiosperm,"Cruciata laevipes Opiz, 1852",5338920,15613,Cruciata laevipes,Cruciata laevipes,not_found
93621,Angiosperm,"Cuscuta epithymum (L.) L., 1774",2927518,15970,Cuscuta epithymum,Cuscuta epithymum,Crithmum maritimum
93623,Angiosperm,"Cuscuta europaea L., 1753",2927493,15971,Cuscuta europaea,not_found,Cruciata laevipes
93673,Angiosperm,"Cyanus montanus (L.) Hill, 1768",9023462,218825,Centaurea montana,Centaurea montana,Cuscuta epithymum
93708,Angiosperm,"Cyclamen purpurascens Mill., 1768",3169315,16117,Cyclamen purpurascens,not_found,not_found
93803,Angiosperm,"Cynodon dactylon (L.) Pers., 1805",6109637,16277,Cynodon dactylon,Cynodon dactylon,Centaurea montana
93840,Angiosperm,"Cynoglossum officinale L., 1753",2925815,16302,Cynoglossum officinale,Cynoglossum officinale,not_found
93967,Angiosperm,"Cyperus longus L., 1753",8243603,16416,Cyperus longus,Cyperus longus,Cynodon dactylon
94011,Angiosperm,"Cyperus rotundus L., 1753",2714818,16443,Cyperus rotundus,Cyperus rotundus,Cynoglossum officinale
94164,Angiosperm,"Cytisus scoparius (L.) Link, 1822",5354656,16641,Cytisus scoparius,Cytisus scoparius,Cyperus longus
94207,Angiosperm,"Dactylis glomerata L., 1753",2705308,16700,Dactylis glomerata,Dactylis glomerata,Cyperus rotundus
94266,Angiosperm,"Dactylorhiza maculata (L.) So�, 1962",8179794,16729,Dactylorhiza maculata,Dactylorhiza maculata,Cytisus scoparius
94427,Angiosperm,"Daphne gnidium L., 1753",7311306,16954,Daphne gnidium,Daphne gnidium,Dactylis glomerata
94432,Angiosperm,"Daphne laureola L., 1753",5420853,16958,Daphne laureola,Daphne laureola,Dactylorhiza maculata
94435,Angiosperm,"Daphne mezereum L., 1753",5420852,16960,Daphne mezereum,Daphne mezereum,Daphne gnidium
94489,Angiosperm,"Datura stramonium L., 1753",2928751,17034,Datura stramonium,Datura stramonium,Daphne laureola
94503,Angiosperm,"Daucus carota L., 1753",3034742,17041,Daucus carota,Daucus carota,Daphne mezereum
94572,Angiosperm,"Delphinium consolida L., 1753",3033836,419739,Delphinium consolida,not_found,Datura stramonium
94590,Angiosperm,"Delphinium montanum DC., 1815",8292009,17171,not_found,not_found,Daucus carota
94626,Angiosperm,"Deschampsia cespitosa (L.) P.Beauv., 1812",8059811,17365,Deschampsia cespitosa,not_found,not_found
94645,Angiosperm,"Descurainia sophia (L.) Webb ex Prantl, 1891",3044318,17412,Descurainia sophia,Descurainia sophia,not_found
94716,Angiosperm,"Dianthus carthusianorum L., 1753",8400876,17587,Dianthus carthusianorum,not_found,not_found
94923,Angiosperm,"Dictamnus albus L., 1753",5421338,17797,Dictamnus albus,Dictamnus albus,Descurainia sophia
94945,Angiosperm,"Digitalis lutea L., 1753",5414990,17862,Digitalis lutea,Digitalis lutea,not_found
94959,Angiosperm,"Digitalis purpurea L., 1753",5414995,17868,Digitalis purpurea,Digitalis purpurea,Dictamnus albus
611652,Angiosperm,"Dioscorea communis (L.) Caddick & Wilkin, 2002",2755063,81266,Dioscorea communis,not_found,Digitalis lutea
95136,Angiosperm,"Diplotaxis tenuifolia (L.) DC., 1821",5376426,18714,Diplotaxis tenuifolia,Diplotaxis tenuifolia,Digitalis purpurea
95186,Angiosperm,"Dittrichia graveolens (L.) Greuter, 1973",3101193,18990,Dittrichia graveolens,not_found,not_found
95187,Angiosperm,"Dittrichia viscosa (L.) Greuter, 1973",3101184,18991,Dittrichia viscosa,Dittrichia viscosa,Diplotaxis tenuifolia
95239,Angiosperm,"Doronicum pardalianches L., 1753",3142951,19154,Doronicum pardalianches,Doronicum pardalianches,not_found
95425,Angiosperm,"Dracunculus vulgaris Schott, 1832",5330001,81745,Dracunculus vulgaris,not_found,Dittrichia viscosa
95438,Angiosperm,"Drosera intermedia Hayne, 1798",3191157,19339,Drosera intermedia,not_found,Doronicum pardalianches
95442,Angiosperm,"Drosera rotundifolia L., 1753",3191030,19347,Drosera rotundifolia,Drosera rotundifolia,not_found
95461,Angiosperm,"Dryas octopetala L., 1753",4889932,19375,Dryas octopetala,Dryas octopetala,not_found
611753,Angiosperm,"Dysphania ambrosioides (L.) Mosyakin & Clemants, 2002",5568446,81989,Dysphania ambrosioides,not_found,Drosera rotundifolia
611755,Angiosperm,"Dysphania botrys (L.) Mosyakin & Clemants, 2002",5568428,222365,Dysphania botrys,not_found,Dryas octopetala
95662,Angiosperm,"Ecballium elaterium (L.) A.Rich., 1824",2874680,19692,Ecballium elaterium,Ecballium elaterium,not_found
95793,Angiosperm,"Echium vulgare L., 1753",2925892,19822,Echium vulgare,Echium vulgare,not_found
95806,Angiosperm,"Eclipta prostrata (L.) L., 1771",5384950,19825,Eclipta prostrata,Eclipta prostrata,Ecballium elaterium
90483,Angiosperm,"Chamaenerion angustifolium (L.) Scop., 1771",6428353,20801,Epilobium angustifolium,Epilobium angustifolium,Echium vulgare
1019304,Angiosperm,"Chamaenerion dodonaei (Vill.) Schur, 1853",3666422,20824,not_found,not_found,Eclipta prostrata
96180,Angiosperm,"Epilobium hirsutum L., 1753",3189172,20845,Epilobium hirsutum,Epilobium hirsutum,Epilobium angustifolium
96208,Angiosperm,"Epilobium montanum L., 1753",3664083,20863,not_found,not_found,not_found
96226,Angiosperm,"Epilobium palustre L., 1753",3189080,20875,Epilobium palustre,not_found,Epilobium hirsutum
96229,Angiosperm,"Epilobium parviflorum Schreb., 1771",3189157,20877,Epilobium parviflorum,Epilobium parviflorum,not_found
96251,Angiosperm,"Epilobium roseum Schreb., 1771",3666800,20885,Epilobium roseum,not_found,not_found
96271,Angiosperm,"Epilobium tetragonum L., 1753",7322563,20893,Epilobium tetragonum,not_found,Epilobium parviflorum
96664,Angiosperm,"Erica carnea L., 1753 [nom. cons.]",5682465,21551,Erica carnea,not_found,not_found
96665,Angiosperm,"Erica ciliaris L., 1753",5682320,21554,Erica ciliaris,not_found,not_found
96667,Angiosperm,"Erica cinerea L., 1753",5333411,21555,Erica cinerea,not_found,not_found
96691,Angiosperm,"Erica scoparia L., 1753",7946667,21596,Erica scoparia,not_found,not_found
96698,Angiosperm,"Erica vagans L., 1770 [nom. et typ. cons.]",5333408,21609,not_found,Erica vagans,not_found
611688,Angiosperm,"Erigeron acris L., 1753",3147080,21625,Erigeron acris,not_found,not_found
96749,Angiosperm,"Erigeron canadensis L., 1753",3146791,21638,Erigeron canadensis,not_found,Erica vagans
96895,Angiosperm,"Erodium cicutarium (L.) L'H�r., 1789",9485490,21900,Erodium cicutarium,Erodium cicutarium,not_found
97141,Angiosperm,"Eryngium campestre L., 1753",3034426,21961,Eryngium campestre,Eryngium campestre,not_found
609982,Angiosperm,"Euonymus europaeus L., 1753",3169131,23260,Euonymus europaeus,Euonymus europaeus,Erodium cicutarium
97434,Angiosperm,"Eupatorium cannabinum L., 1753",5402943,23289,Eupatorium cannabinum,Eupatorium cannabinum,Eryngium campestre
97452,Angiosperm,"Euphorbia amygdaloides L., 1753",3065239,23331,Euphorbia amygdaloides,not_found,Euonymus europaeus
97490,Angiosperm,"Euphorbia cyparissias L., 1753",3070106,23387,Euphorbia cyparissias,not_found,Eupatorium cannabinum
97537,Angiosperm,"Euphorbia helioscopia L., 1753",3066367,23444,Euphorbia helioscopia,Euphorbia helioscopia,not_found
97556,Angiosperm,"Euphorbia lathyris L., 1753",3066965,23476,Euphorbia lathyris,Euphorbia lathyris,not_found
97601,Angiosperm,"Euphorbia palustris L., 1753",3064056,23527,Euphorbia palustris,not_found,Euphorbia helioscopia
97776,Angiosperm,"Euphrasia nemorosa (Pers.) Wallr., 1815",3171964,23657,not_found,not_found,Euphorbia lathyris
97781,Angiosperm,"Euphrasia officinalis L., 1753",8106874,23658,Euphrasia officinalis,Euphrasia officinalis,not_found
97947,Angiosperm,"Fagus sylvatica L., 1753",2882316,23906,Fagus sylvatica,Fagus sylvatica,not_found
98020,Angiosperm,"Ferula communis L., 1753",8048981,24101,Ferula communis,Ferula communis,Euphrasia officinalis
98651,Angiosperm,"Ficaria verna Huds., 1762",9094061,83492,Ranunculus ficaria,not_found,Fagus sylvatica
98653,Angiosperm,"Ficus carica L., 1753",5361909,24783,Ficus carica,Ficus carica,Ferula communis
98717,Angiosperm,"Filipendula ulmaria (L.) Maxim., 1879",2987999,24995,Filipendula ulmaria,Filipendula ulmaria,not_found
98718,Angiosperm,"Filipendula vulgaris Moench, 1794",2988069,24996,Filipendula vulgaris,Filipendula vulgaris,Ficus carica
98756,Angiosperm,"Foeniculum vulgare Mill., 1768",3034922,25139,Foeniculum vulgare,Foeniculum vulgare,Filipendula ulmaria
98865,Angiosperm,"Fragaria vesca L., 1753",3029817,25213,Fragaria vesca,Fragaria vesca,Filipendula vulgaris
98887,Angiosperm,"Frangula alnus Mill., 1768",3039454,25217,Frangula alnus,not_found,Foeniculum vulgare
98910,Angiosperm,"Fraxinus angustifolia Vahl, 1804 [nom. cons.]",7325877,25240,Fraxinus angustifolia,Fraxinus angustifolia,Fragaria vesca
98921,Angiosperm,"Fraxinus excelsior L., 1753",3172358,25247,Fraxinus excelsior,Fraxinus excelsior,not_found
98933,Angiosperm,"Fraxinus ornus L., 1753",3172347,25258,Fraxinus ornus,Fraxinus ornus,Fraxinus angustifolia
98977,Angiosperm,"Fritillaria meleagris L., 1753",5300535,25308,Fritillaria meleagris,Fritillaria meleagris,Fraxinus excelsior
99108,Angiosperm,"Fumaria officinalis L., 1753",5334217,25355,Fumaria officinalis,Fumaria officinalis,Fraxinus ornus
99233,Angiosperm,"Galanthus nivalis L., 1753",2855356,25438,Galanthus nivalis,Galanthus nivalis,Fritillaria meleagris
99244,Angiosperm,"Galatella linosyris (L.) Rchb.f., 1854",3091677,229224,not_found,not_found,Fumaria officinalis
610594,Angiosperm,"Galatella sedifolia (L.) Greuter, 2003",3091620,83858,Galatella sedifolia,not_found,Galanthus nivalis
99260,Angiosperm,"Galega officinalis L., 1753",2975667,25451,Galega officinalis,Galega officinalis,not_found
99305,Angiosperm,"Galeopsis ladanum L., 1753",5341309,25469,Galeopsis ladanum,Galeopsis ladanum,not_found
99329,Angiosperm,"Galeopsis segetum Neck., 1770",5341308,25471,Galeopsis segetum,Galeopsis segetum,Galega officinalis
99334,Angiosperm,"Galeopsis tetrahit L., 1753",5341300,25473,Galeopsis tetrahit,Galeopsis tetrahit,Galeopsis ladanum
99358,Angiosperm,"Galinsoga parviflora Cav., 1795",3132570,25477,Galinsoga parviflora,Galinsoga parviflora,Galeopsis segetum
99366,Angiosperm,"Galium album Mill., 1768",2913931,25483,Galium album,not_found,Galeopsis tetrahit
99373,Angiosperm,"Galium aparine L., 1753",2913548,25487,Galium aparine,Galium aparine,Galinsoga parviflora
99473,Angiosperm,"Galium mollugo L., 1753",9039392,25526,Galium mollugo,Galium mollugo,not_found
99488,Angiosperm,"Galium odoratum (L.) Scop., 1771",2914642,25533,Galium odoratum,Galium odoratum,Galium aparine
99494,Angiosperm,"Galium palustre L., 1753",2913130,25535,Galium palustre,not_found,Galium mollugo
99582,Angiosperm,"Galium verum L., 1753",9063248,25573,Galium verum,Galium verum,Galium odoratum
99721,Angiosperm,"Genista anglica L., 1753",5347644,25891,not_found,not_found,not_found
99735,Angiosperm,"Genista cinerea (Vill.) DC., 1805",5347718,25896,not_found,not_found,Galium verum
99815,Angiosperm,"Genista scorpius (L.) DC., 1805",5347727,25917,Genista scorpius,not_found,not_found
99828,Angiosperm,"Genista tinctoria L., 1753",5347612,25923,Genista tinctoria,Genista tinctoria,not_found
99854,Angiosperm,"Gentiana acaulis L., 1753",6366597,25944,Gentiana acaulis,Gentiana acaulis,not_found
99881,Angiosperm,"Gentiana cruciata L., 1753",3170115,25956,Gentiana cruciata,Gentiana cruciata,Genista tinctoria
99903,Angiosperm,"Gentiana lutea L., 1753",3170040,25970,Gentiana lutea,Gentiana lutea,Gentiana acaulis
99922,Angiosperm,"Gentiana pneumonanthe L., 1753",7270598,25978,Gentiana pneumonanthe,Gentiana pneumonanthe,Gentiana cruciata
99929,Angiosperm,"Gentiana purpurea L., 1753",8207244,25984,Gentiana purpurea,Gentiana purpurea,Gentiana lutea
99953,Angiosperm,"Gentiana verna L., 1753",8232412,25997,not_found,not_found,Gentiana pneumonanthe
100142,Angiosperm,"Geranium robertianum L., 1753",2890668,26089,Geranium robertianum,Geranium robertianum,Gentiana purpurea
100144,Angiosperm,"Geranium rotundifolium L., 1753",2891031,26090,Geranium rotundifolium,Geranium rotundifolium,not_found
100149,Angiosperm,"Geranium sanguineum L., 1753",2890920,26092,Geranium sanguineum,not_found,Geranium robertianum
100208,Angiosperm,"Geum montanum L., 1753",5369806,26140,not_found,not_found,Geranium rotundifolium
100215,Angiosperm,"Geum rivale L., 1753",5369701,26145,Geum rivale,Geum rivale,not_found
100225,Angiosperm,"Geum urbanum L., 1753",5369652,26152,Geum urbanum,Geum urbanum,not_found
100310,Angiosperm,"Glechoma hederacea L., 1753",2926557,26336,Glechoma hederacea,Glechoma hederacea,Geum rivale
100335,Angiosperm,"Globularia alypum L., 1753",7703240,26381,Globularia alypum,not_found,Geum urbanum
100576,Angiosperm,"Gratiola officinalis L., 1753",3171915,26836,Gratiola officinalis,Gratiola officinalis,Glechoma hederacea
100613,Angiosperm,"Gymnadenia nigra (L.) Rchb.f., 1856",2840590,232102,Gymnadenia nigra,not_found,not_found
100787,Angiosperm,"Hedera helix L., 1753",8351737,27988,Hedera helix,Hedera helix,Gratiola officinalis
100956,Angiosperm,"Helianthemum nummularium (L.) Mill., 1768",8890062,28112,Helianthemum nummularium,Helianthemum nummularium,not_found
101080,Angiosperm,"Helichrysum italicum (Roth) G.Don, 1830",3131614,28175,Helichrysum italicum,Helichrysum italicum,Hedera helix
101101,Angiosperm,"Helichrysum stoechas (L.) Moench, 1794",3131494,28185,Helichrysum stoechas,Helichrysum stoechas,Helianthemum nummularium
101144,Angiosperm,"Heliotropium europaeum L., 1753",2925767,28353,Heliotropium europaeum,not_found,Helichrysum italicum
101188,Angiosperm,"Helleborus foetidus L., 1753",6375040,28383,Helleborus foetidus,Helleborus foetidus,Helichrysum stoechas
101202,Angiosperm,"Helleborus viridis L., 1753",3033108,28387,Helleborus viridis,Helleborus viridis,not_found
101300,Angiosperm,"Heracleum sphondylium L., 1753",3034830,28473,Heracleum sphondylium,Heracleum sphondylium,Helleborus foetidus
101405,Angiosperm,"Herniaria cinerea DC., 1815",3593900,28561,not_found,not_found,Helleborus viridis
101411,Angiosperm,"Herniaria glabra L., 1753",3085798,28562,Herniaria glabra,Herniaria glabra,Heracleum sphondylium
101412,Angiosperm,"Herniaria hirsuta L., 1753",3085797,28563,Herniaria hirsuta,Herniaria hirsuta,not_found
101460,Angiosperm,"Hesperis matronalis L., 1753",3042291,28585,Hesperis matronalis,Hesperis matronalis,Herniaria glabra
102235,Angiosperm,"Hieracium murorum L., 1753",8605056,28985,Hieracium murorum,not_found,Herniaria hirsuta
102671,Angiosperm,"Hieracium umbellatum L., 1753",3135329,29079,Hieracium umbellatum,Hieracium umbellatum,Hesperis matronalis
102863,Angiosperm,"Hippophae rhamnoides L., 1753",3039285,29221,Hippophae rhamnoides,Hippophae rhamnoides,not_found
103031,Angiosperm,"Humulus lupulus L., 1753",2984535,29681,Humulus lupulus,Humulus lupulus,Hieracium umbellatum
103162,Angiosperm,"Hylotelephium telephium (L.) H.Ohba, 1977",2985865,430714,Hylotelephium telephium,not_found,Hippophae rhamnoides
103178,Angiosperm,"Hyoscyamus albus L., 1753",2928979,29878,Hyoscyamus albus,Hyoscyamus albus,Humulus lupulus
103185,Angiosperm,"Hyoscyamus niger L., 1753",2928978,29883,Hyoscyamus niger,Hyoscyamus niger,not_found
103245,Angiosperm,"Hypericum androsaemum L., 1753",3189525,29958,Hypericum androsaemum,Hypericum androsaemum,Hyoscyamus albus
103308,Angiosperm,"Hypericum nummularium L., 1753",3713919,86573,not_found,not_found,Hyoscyamus niger
103316,Angiosperm,"Hypericum perforatum L., 1753",3189486,30010,Hypericum perforatum,Hypericum perforatum,Hypericum androsaemum
103320,Angiosperm,"Hypericum pulchrum L., 1753",3712747,30012,Hypericum pulchrum,not_found,not_found
103329,Angiosperm,"Hypericum tetrapterum Fr., 1823",6436469,30021,Hypericum tetrapterum,not_found,Hypericum perforatum
103375,Angiosperm,"Hypochaeris radicata L., 1753",3093702,30052,Hypochaeris radicata,not_found,not_found
103406,Angiosperm,"Hyssopus officinalis L., 1753",5341387,30135,Hyssopus officinalis,Hyssopus officinalis,not_found
103514,Angiosperm,"Ilex aquifolium L., 1753",5414222,30228,Ilex aquifolium,Ilex aquifolium,not_found
445494,Angiosperm,"Impatiens balsamina L., 1753",2891773,30376,Impatiens balsamina,Impatiens balsamina,Hyssopus officinalis
103578,Angiosperm,"Imperatoria ostruthium L., 1753",5538108,86787,Peucedanum ostruthium,not_found,Ilex aquifolium
103627,Angiosperm,"Inula helenium L., 1753",3148340,30677,Inula helenium,Inula helenium,Impatiens balsamina
103772,Angiosperm,"Iris pseudacorus L., 1753",5298231,30870,Iris pseudacorus,Iris pseudacorus,not_found
103817,Angiosperm,"Isatis tinctoria L., 1753",5374118,31014,Isatis tinctoria,Isatis tinctoria,Inula helenium
103985,Angiosperm,"Jacobaea adonidifolia (Loisel.) M�rat, 1812",5388631,235383,not_found,not_found,Iris pseudacorus
610648,Angiosperm,"Jacobaea alpina (L.) Moench, 1794",5388598,235384,not_found,not_found,Isatis tinctoria
610642,Angiosperm,"Jacobaea incana (L.) Veldkamp, 2006",5388625,235392,not_found,not_found,not_found
610647,Angiosperm,"Jacobaea leucophylla (DC.) Pelser, 2006",5388609,235395,not_found,not_found,not_found
610643,Angiosperm,"Jacobaea maritima (L.) Pelser & Meijden, 2005",5388595,235396,Jacobaea maritima,not_found,not_found
610646,Angiosperm,"Jacobaea vulgaris Gaertn., 1791",5388602,235402,Jacobaea vulgaris,not_found,not_found
104173,Angiosperm,"Juncus effusus L., 1753",2701311,31479,Juncus effusus,Juncus effusus,not_found
104419,Angiosperm,"Juniperus thurifera L., 1753",2684528,31595,Juniperus thurifera,not_found,not_found
104502,Angiosperm,"Kickxia elatine (L.) Dumort., 1827",3170819,31770,Kickxia elatine,Kickxia elatine,Juncus effusus
104516,Angiosperm,"Knautia arvensis (L.) Coult., 1828",2888808,31809,Knautia arvensis,Knautia arvensis,not_found
104764,Angiosperm,"Lactuca perennis L., 1753",3140574,32123,not_found,Lactuca perennis,Kickxia elatine
104775,Angiosperm,"Lactuca serriola L., 1756",3140490,32132,Lactuca serriola,Lactuca serriola,Knautia arvensis
104786,Angiosperm,"Lactuca viminea (L.) J.Presl & C.Presl, 1819",8625614,32138,Lactuca viminea,not_found,Lactuca perennis
104787,Angiosperm,"Lactuca virosa L., 1753",3140346,32139,Lactuca virosa,Lactuca virosa,Lactuca serriola
104854,Angiosperm,"Lamium album L., 1753",2926683,32229,Lamium album,Lamium album,not_found
104855,Angiosperm,"Lamium amplexicaule L., 1753",2926679,32230,Lamium amplexicaule,Lamium amplexicaule,Lactuca virosa
104876,Angiosperm,"Lamium galeobdolon (L.) L., 1759",2927324,32235,Lamium galeobdolon,Lamium galeobdolon,Lamium album
104889,Angiosperm,"Lamium maculatum (L.) L., 1763",2926684,32240,Lamium maculatum,not_found,Lamium amplexicaule
104903,Angiosperm,"Lamium purpureum L., 1753",2926682,32245,Lamium purpureum,Lamium purpureum,Lamium galeobdolon
105017,Angiosperm,"Lapsana communis L., 1753",3134857,32357,Lapsana communis,not_found,not_found
105211,Angiosperm,"Lathyrus latifolius L., 1753",5356517,32484,Lathyrus latifolius,Lathyrus latifolius,Lamium purpureum
105266,Angiosperm,"Lathyrus sylvestris L., 1753",5356623,32509,Lathyrus sylvestris,Lathyrus sylvestris,not_found
105295,Angiosperm,"Laurus nobilis L., 1753",3034015,32543,Laurus nobilis,Laurus nobilis,Lathyrus latifolius
105297,Angiosperm,"Lavandula angustifolia Mill., 1768",2927305,32547,Lavandula angustifolia,Lavandula angustifolia,Lathyrus sylvestris
105312,Angiosperm,"Lavandula latifolia Medik., 1784",2927304,32551,Lavandula latifolia,Lavandula latifolia,Laurus nobilis
105321,Angiosperm,"Lavandula stoechas L., 1753",2927303,32556,Lavandula stoechas,Lavandula stoechas,Lavandula angustifolia
105427,Angiosperm,"Lemna gibba L., 1753",2867569,32702,Lemna gibba,not_found,Lavandula latifolia
105431,Angiosperm,"Lemna minor L., 1753",2867589,32703,Lemna minor,Lemna minor,Lavandula stoechas
611031,Angiosperm,"Leontopodium nivale (Ten.) A.L.P.Huet ex Hand.-Mazz., 1927",3140685,338513,Leontopodium nivale,not_found,not_found
105621,Angiosperm,"Lepidium draba L., 1753",5376961,32777,Lepidium draba,not_found,Lemna minor
105817,Angiosperm,"Leucanthemum vulgare Lam., 1779",8848598,33153,Leucanthemum vulgare,Leucanthemum vulgare,not_found
105966,Angiosperm,"Ligustrum vulgare L., 1753",3172300,33431,Ligustrum vulgare,Ligustrum vulgare,not_found
105979,Angiosperm,"Lilium bulbiferum L., 1753",2753079,33434,Lilium bulbiferum,not_found,Leucanthemum vulgare
105989,Angiosperm,"Lilium martagon L., 1753",2753146,33444,Lilium martagon,Lilium martagon,Ligustrum vulgare
106213,Angiosperm,"Linaria repens (L.) Mill., 1768",5415019,33543,not_found,Linaria vulgaris,not_found
106234,Angiosperm,"Linaria vulgaris Mill., 1768",5415020,33555,Linaria vulgaris,Linaria vulgaris,Lilium martagon
106288,Angiosperm,"Linum catharticum L., 1753",2873865,33635,Linum catharticum,Linum catharticum,Linaria vulgaris
106396,Angiosperm,"Lithospermum officinale L., 1753",2926086,33806,Lithospermum officinale,Lithospermum officinale,Linaria vulgaris
106565,Angiosperm,"Lonicera etrusca Santi, 1795",5334247,34128,Lonicera etrusca,not_found,Linum catharticum
106574,Angiosperm,"Lonicera nigra L., 1753",7768870,34148,not_found,not_found,Lithospermum officinale
106581,Angiosperm,"Lonicera periclymenum L., 1753",5334277,34153,Lonicera periclymenum,Lonicera periclymenum,not_found
106595,Angiosperm,"Lonicera xylosteum L., 1753",5334259,34168,Lonicera xylosteum,not_found,not_found
106653,Angiosperm,"Lotus corniculatus L., 1753",5357013,34249,Lotus corniculatus,Lotus corniculatus,Lonicera periclymenum
106965,Angiosperm,"Lycium barbarum L., 1753",2928835,34544,Lycium barbarum,Lycium barbarum,not_found
107038,Angiosperm,"Lycopus europaeus L., 1753",5341478,34605,Lycopus europaeus,Lycopus europaeus,Lotus corniculatus
107073,Angiosperm,"Lysimachia nummularia L., 1753",3169379,34660,Lysimachia nummularia,Lysimachia nummularia,Lycium barbarum
107090,Angiosperm,"Lysimachia vulgaris L., 1753",3169386,34666,Lysimachia vulgaris,Lysimachia vulgaris,Lycopus europaeus
107117,Angiosperm,"Lythrum salicaria L., 1753",3188736,34676,Lythrum salicaria,Lythrum salicaria,Lysimachia nummularia
107217,Angiosperm,"Malus sylvestris (L.) Mill., 1768",3001509,35256,Malus sylvestris,Malus sylvestris,Lysimachia vulgaris
107224,Angiosperm,"Malva alcea L., 1753",3152365,35262,Malva alcea,Malva alcea,Lythrum salicaria
107282,Angiosperm,"Malva moschata L., 1753",3152379,35268,Malva moschata,Malva moschata,Malus sylvestris
107318,Angiosperm,"Malva sylvestris L., 1753",3152374,35274,Malva sylvestris,Malva sylvestris,Malva alcea
107397,Angiosperm,"Marrubium vulgare L., 1753",2927069,35556,Marrubium vulgare,Marrubium vulgare,Malva moschata
107440,Angiosperm,"Matricaria chamomilla L., 1753",8370958,35671,Matricaria chamomilla,not_found,Malva sylvestris
107446,Angiosperm,"Matricaria discoidea DC., 1838",3103791,35672,Matricaria discoidea,not_found,Marrubium vulgare
107786,Angiosperm,"Melampyrum arvense L., 1753",7331741,35984,Melampyrum arvense,not_found,not_found
107992,Angiosperm,"Melissa officinalis L., 1753",5341501,36165,Melissa officinalis,Melissa officinalis,not_found
108003,Angiosperm,"Melittis melissophyllum L., 1753",8105693,36167,Melittis melissophyllum,Melittis melissophyllum,not_found
108027,Angiosperm,"Mentha aquatica L., 1753",2927208,36265,Mentha aquatica,Mentha aquatica,Melissa officinalis
108029,Angiosperm,"Mentha arvensis L., 1753",2927192,36266,Mentha arvensis,Mentha arvensis,Melittis melissophyllum
108103,Angiosperm,"Mentha longifolia (L.) Huds., 1762",7510173,36274,Mentha longifolia,Mentha longifolia,Mentha aquatica
108138,Angiosperm,"Mentha pulegium L., 1753",2927189,36277,Mentha pulegium,Mentha pulegium,Mentha arvensis
108168,Angiosperm,"Mentha suaveolens Ehrh., 1792",2927190,36283,Mentha suaveolens,Mentha suaveolens,Mentha longifolia
108345,Angiosperm,"Menyanthes trifoliata L., 1753",5341511,36302,Menyanthes trifoliata,Menyanthes trifoliata,Mentha pulegium
108351,Angiosperm,"Mercurialis annua L., 1753",3062975,36306,Mercurialis annua,Mercurialis annua,Mentha suaveolens
108361,Angiosperm,"Mercurialis perennis L., 1753",3063016,36311,Mercurialis perennis,Mercurialis perennis,Menyanthes trifoliata
108454,Angiosperm,"Meum athamanticum Jacq., 1776",6026490,36414,Meum athamanticum,Meum athamanticum,Mercurialis annua
108996,Angiosperm,"Myosotis arvensis (L.) Hill, 1764",5341170,37495,Myosotis arvensis,not_found,Mercurialis perennis
109104,Angiosperm,"Myosotis sylvatica Hoffm., 1791",5341175,37514,Myosotis sylvatica,not_found,Meum athamanticum
109130,Angiosperm,"Myrica gale L., 1753",5414202,37586,Myrica gale,Myrica gale,not_found
109161,Angiosperm,"Myrrhis odorata (L.) Scop., 1771",3034681,37669,Myrrhis odorata,Myrrhis odorata,not_found
109186,Angiosperm,"Myrtus communis L., 1753",3180085,37705,Myrtus communis,Myrtus communis,Myrica gale
109291,Angiosperm,"Narcissus poeticus L., 1753",2858581,37745,Narcissus poeticus,Narcissus poeticus,Myrrhis odorata
109297,Angiosperm,"Narcissus pseudonarcissus L., 1753",2858244,37746,Narcissus pseudonarcissus,Narcissus pseudonarcissus,Myrtus communis
109422,Angiosperm,"Nasturtium officinale W.T.Aiton, 1812",7701037,37768,Nasturtium officinale,Nasturtium officinale,Narcissus poeticus
109506,Angiosperm,"Neottia nidus-avis (L.) Rich., 1817",2816176,38028,not_found,not_found,Narcissus pseudonarcissus
109620,Angiosperm,"Nigella arvensis L., 1753",7278276,38225,Nigella arvensis,Nigella arvensis,Nasturtium officinale
109625,Angiosperm,"Nigella damascena L., 1753",5371702,38227,Nigella damascena,Nigella damascena,not_found
109732,Angiosperm,"Nuphar lutea (L.) Sm., 1809",7551339,38364,Nuphar lutea,Nuphar lutea,Nigella arvensis
109735,Angiosperm,"Nuphar pumila (Timm) DC., 1821",6435002,38366,Nuphar pumila,Nuphar pumila,Nigella damascena
109750,Angiosperm,"Nymphaea alba L., 1753",2882437,38378,Nymphaea alba,Nymphaea alba,Nuphar lutea
109861,Angiosperm,"Oenanthe aquatica (L.) Poir., 1798",5371888,38663,Oenanthe aquatica,Oenanthe aquatica,Nuphar pumila
109911,Angiosperm,"Oenothera biennis L., 1753",3188924,38688,Oenothera biennis,Oenothera biennis,Nymphaea alba
110211,Angiosperm,"Ononis natrix L., 1753",2977234,38988,not_found,not_found,Oenanthe aquatica
110236,Angiosperm,"Ononis spinosa L., 1753 [nom. et typ. cons.]",2977149,38997,Ononis spinosa,Ononis spinosa,Oenothera biennis
110244,Angiosperm,"Onopordum acanthium L., 1753",3094900,39002,Onopordum acanthium,Onopordum acanthium,not_found
110914,Angiosperm,"Orchis mascula (L.) L., 1755",2849427,39152,Orchis mascula,Orchis mascula,Ononis spinosa
111289,Angiosperm,"Origanum vulgare L., 1753",2926612,39210,Origanum vulgare,Origanum vulgare,Ononis spinosa
111391,Angiosperm,"Ornithogalum umbellatum L., 1753",2773448,39286,Ornithogalum umbellatum,Ornithogalum umbellatum,Onopordum acanthium
111771,Angiosperm,"Orthilia secunda (L.) House, 1921",2888310,39339,Orthilia secunda,Orthilia secunda,Orchis mascula
111859,Angiosperm,"Oxalis acetosella L., 1753",8211958,39564,Oxalis acetosella,Oxalis acetosella,Origanum vulgare
717359,Angiosperm,"Oxybasis glauca (L.) S.Fuentes, Uotila & Borsch, 2012",8290282,357761,Oxybasis glauca,Chenopodium glaucum,Ornithogalum umbellatum
111974,Angiosperm,"Oxytropis campestris (L.) DC., 1802",5361536,39653,Oxytropis campestris,not_found,Orthilia secunda
112042,Angiosperm,"Paeonia officinalis L., 1753",3083488,39795,Paeonia officinalis,Paeonia officinalis,Oxalis acetosella
112061,Angiosperm,"Paliurus spina-christi Mill., 1768",5372457,39891,Paliurus spina-christi,Paliurus spina-christi,Chenopodium glaucum
112303,Angiosperm,"Papaver dubium L., 1753",2888464,40152,Papaver dubium,Papaver dubium,not_found
112355,Angiosperm,"Papaver rhoeas L., 1753",2888443,40195,Papaver rhoeas,Papaver rhoeas,Paeonia officinalis
112410,Angiosperm,"Parietaria judaica L., 1756",5361801,40305,Parietaria judaica,Parietaria judaica,Paliurus spina-christi
112413,Angiosperm,"Parietaria officinalis L., 1753",5361803,40307,Parietaria officinalis,Parietaria officinalis,Papaver dubium
112421,Angiosperm,"Paris quadrifolia L., 1753",5295911,40337,Paris quadrifolia,Paris quadrifolia,Papaver rhoeas
112426,Angiosperm,"Parnassia palustris L., 1753",3032585,40381,Parnassia palustris,Parnassia palustris,Parietaria judaica
112467,Angiosperm,"Parthenocissus tricuspidata (Siebold & Zucc.) Planch., 1887",3039209,40430,Parthenocissus tricuspidata,Parthenocissus tricuspidata,Parietaria officinalis
112550,Angiosperm,"Pastinaca sativa L., 1753",8262702,40533,Pastinaca sativa,Pastinaca sativa,Paris quadrifolia
112590,Angiosperm,"Pedicularis palustris L., 1753",3171734,40701,Pedicularis palustris,not_found,Parnassia palustris
112601,Angiosperm,"Pedicularis sylvatica L., 1753",3171712,40711,Pedicularis sylvatica,not_found,Parthenocissus tricuspidata
112739,Angiosperm,"Persicaria hydropiper (L.) Spach, 1841",8323622,41190,Persicaria hydropiper,not_found,Pastinaca sativa
112745,Angiosperm,"Persicaria maculosa Gray, 1821 [nom. cons.]",6391194,41193,Persicaria maculosa,not_found,Pastinaca sativa
112783,Angiosperm,"Petasites hybridus (L.) G.Gaertn., B.Mey. & Scherb., 1801",9490132,41263,Petasites hybridus,Petasites hybridus,not_found
113221,Angiosperm,"Phleum pratense L., 1753",9014945,41549,Phleum pratense,Phleum pratense,not_found
113260,Angiosperm,"Phragmites australis (Cav.) Trin. ex Steud., 1840",5290149,41658,Phragmites australis,Phragmites australis,not_found
113418,Angiosperm,"Phytolacca americana L., 1753",3084015,41897,Phytolacca americana,Phytolacca americana,not_found
113525,Angiosperm,"Pilosella officinarum F.W.Schultz & Sch.Bip., 1862",7874303,42016,Pilosella officinarum,Pilosella officinarum,Petasites hybridus
113579,Angiosperm,"Pimpinella major (L.) Huds., 1762",5371874,42065,Pimpinella major,Pimpinella major,Phleum pratense
113596,Angiosperm,"Pimpinella saxifraga L., 1753",7622278,42069,Pimpinella saxifraga,Pimpinella saxifraga,Phragmites australis
113744,Angiosperm,"Pistacia lentiscus L., 1753",3190583,42352,Pistacia lentiscus,Pistacia lentiscus,Phytolacca americana
113804,Angiosperm,"Plantago afra L., 1762",7303104,42502,Plantago afra,not_found,Pilosella officinarum
113809,Angiosperm,"Plantago arenaria Waldst. & Kit., 1802",3189762,42510,Plantago indica,Plantago arenaria,Pimpinella major
113842,Angiosperm,"Plantago coronopus L., 1753",3189739,42521,Plantago coronopus,Plantago coronopus,Pimpinella saxifraga
113893,Angiosperm,"Plantago lanceolata L., 1753",8208358,42541,Plantago lanceolata,Plantago lanceolata,Pistacia lentiscus
113904,Angiosperm,"Plantago major L., 1753",3189767,42544,Plantago major,Plantago major,not_found
113924,Angiosperm,"Plantago ovata Forssk., 1775",3189723,42551,Plantago ovata,Plantago ovata,Plantago arenaria
113957,Angiosperm,"Plantago sempervirens Crantz, 1766",7303117,42561,not_found,not_found,Plantago coronopus
114080,Angiosperm,"Plumbago europaea L., 1753",4090052,70596,Plumbago europaea,Plumbago europaea,Plantago lanceolata
114595,Angiosperm,"Polygala vulgaris L., 1753 [nom. et typ. cons.]",3191374,43193,Polygala vulgaris,Polygala vulgaris,Plantago major
114611,Angiosperm,"Polygonatum multiflorum (L.) All., 1785",2770022,43204,Polygonatum multiflorum,Polygonatum multiflorum,Plantago ovata
114612,Angiosperm,"Polygonatum odoratum (Mill.) Druce, 1906",2770228,43205,Polygonatum odoratum,Polygonatum odoratum,not_found
114658,Angiosperm,"Polygonum aviculare L., 1753",7821030,43221,Polygonum aviculare,Polygonum aviculare,Plumbago europaea
115110,Angiosperm,"Populus alba L., 1753",3040233,43493,Populus alba,Populus alba,Polygala vulgaris
115145,Angiosperm,"Populus nigra L., 1753",3040227,43519,Populus nigra,Populus nigra,Polygonatum multiflorum
115156,Angiosperm,"Populus tremula L., 1753",3040249,43532,Populus tremula,Populus tremula,Polygonatum odoratum
115215,Angiosperm,"Portulaca oleracea L., 1753",3084719,43573,Portulaca oleracea,Portulaca oleracea,Polygonum aviculare
115280,Angiosperm,"Potamogeton natans L., 1753",5301147,43614,Potamogeton natans,Potamogeton natans,Populus alba
115407,Angiosperm,"Potentilla argentea L., 1753",8011540,43638,Potentilla argentea,not_found,Populus nigra
115470,Angiosperm,"Potentilla erecta (L.) Raeusch., 1797",5365576,43663,Potentilla erecta,Potentilla erecta,Populus tremula
115624,Angiosperm,"Potentilla reptans L., 1753",5367273,43716,Potentilla reptans,Potentilla reptans,Portulaca oleracea
115813,Angiosperm,"Prenanthes purpurea L., 1753",3090783,44013,not_found,not_found,Potamogeton natans
115865,Angiosperm,"Primula elatior (L.) Hill, 1765",5414326,44042,Primula elatior,Primula elatior,not_found
115868,Angiosperm,"Primula farinosa L., 1753",7931979,44044,Primula farinosa,not_found,Potentilla erecta
115918,Angiosperm,"Primula veris L., 1753",8377689,44078,Primula veris,Primula veris,Potentilla reptans
116012,Angiosperm,"Prunella vulgaris L., 1753",5341297,44289,Prunella vulgaris,Prunella vulgaris,not_found
116043,Angiosperm,"Prunus avium (L.) L., 1755",3020791,44304,Prunus avium,Prunus avium,Primula elatior
116089,Angiosperm,"Prunus laurocerasus L., 1753",3021496,44364,Prunus laurocerasus,Prunus laurocerasus,not_found
116096,Angiosperm,"Prunus mahaleb L., 1753",3022789,44371,Prunus mahaleb,Prunus mahaleb,Primula veris
116109,Angiosperm,"Prunus padus L., 1753",3021037,44388,Prunus padus,Prunus padus,Prunella vulgaris
116142,Angiosperm,"Prunus spinosa L., 1753",3023221,44422,Prunus spinosa,Prunus spinosa,Prunus avium
116392,Angiosperm,"Pulicaria dysenterica (L.) Bernh., 1800",3095609,45023,Pulicaria dysenterica,Pulicaria dysenterica,Prunus laurocerasus
116407,Angiosperm,"Pulmonaria affinis Jord., 1854",5660579,95079,not_found,not_found,Prunus mahaleb
116416,Angiosperm,"Pulmonaria longifolia (Bastard) Boreau, 1857",7294681,45036,Pulmonaria longifolia,not_found,Prunus padus
116422,Angiosperm,"Pulmonaria officinalis L., 1753",5341204,45040,Pulmonaria officinalis,Pulmonaria officinalis,Prunus spinosa
116547,Angiosperm,"Pyrola rotundifolia L., 1753",2888269,45189,Pyrola rotundifolia,Pyrola rotundifolia,Pulicaria dysenterica
116574,Angiosperm,"Pyrus communis L., 1753",5362573,45232,Pyrus communis,Pyrus communis,not_found
116704,Angiosperm,"Quercus ilex L., 1753 [nom. et typ. cons. prop.]",2879098,45402,Quercus ilex,Quercus ilex,not_found
521658,Angiosperm,"Quercus petraea (Matt.) Liebl., 1784",2880130,45457,Quercus petraea,Quercus petraea,Pulmonaria officinalis
116751,Angiosperm,"Quercus pubescens Willd., 1796 [nom. et typ. cons.]",2881283,45465,Quercus pubescens,Quercus pubescens,Pyrola rotundifolia
116754,Angiosperm,"Quercus pyrenaica Willd., 1805",2878826,45468,Quercus pyrenaica,not_found,Pyrus communis
116759,Angiosperm,"Quercus robur L., 1753",2878688,45470,Quercus robur,Quercus robur,Quercus ilex
116876,Angiosperm,"Ramonda myconi (L.) Rchb., 1831",5588846,95303,Ramonda myconi,not_found,Quercus petraea
116903,Angiosperm,"Ranunculus acris L., 1753",3033363,45587,Ranunculus acris,Ranunculus acris,Quercus petraea
116952,Angiosperm,"Ranunculus bulbosus L., 1753",3033329,45613,Ranunculus bulbosus,Ranunculus bulbosus,Quercus pubescens
117125,Angiosperm,"Ranunculus montanus Willd., 1799",7456960,45679,not_found,not_found,not_found
117201,Angiosperm,"Ranunculus repens L., 1753",3033339,45737,Ranunculus repens,Ranunculus repens,Quercus robur
117224,Angiosperm,"Ranunculus sceleratus L., 1753",3033374,45748,Ranunculus sceleratus,Ranunculus sceleratus,not_found
117459,Angiosperm,"Reseda luteola L., 1753",3040251,45915,Reseda luteola,Reseda luteola,Ranunculus acris
117503,Angiosperm,"Reynoutria japonica Houtt., 1777",2889173,45956,Reynoutria japonica,Reynoutria japonica,Ranunculus bulbosus
117530,Angiosperm,"Rhamnus cathartica L., 1753",3039491,45983,Rhamnus cathartica,Rhamnus cathartica,not_found
117668,Angiosperm,"Rhodiola rosea L., 1753",2985688,46137,Rhodiola rosea,Rhodiola rosea,Ranunculus repens
117679,Angiosperm,"Rhododendron ferrugineum L., 1753",2883073,46174,Rhododendron ferrugineum,Rhododendron ferrugineum,Ranunculus sceleratus
117712,Angiosperm,"Rhus coriaria L., 1753",3190563,46310,Rhus coriaria,Rhus coriaria,Reseda luteola
117774,Angiosperm,"Ribes rubrum L., 1753",2986097,46527,Ribes rubrum,Ribes rubrum,Reynoutria japonica
117806,Angiosperm,"Ricinus communis L., 1753",5380041,46557,Ricinus communis,Ricinus communis,Rhamnus cathartica
118016,Angiosperm,"Rosa arvensis Huds., 1762",3007054,46721,Rosa arvensis,not_found,Rhodiola rosea
118073,Angiosperm,"Rosa canina L., 1753",3002461,46728,Rosa canina,Rosa canina,Rhododendron ferrugineum
118397,Angiosperm,"Rosa pendulina L., 1753",3006974,46768,Rosa pendulina,not_found,Rhus coriaria
118916,Angiosperm,"Rubia peregrina L., 1753",2892347,46878,Rubia peregrina,Rubia peregrina,Ribes rubrum
118920,Angiosperm,"Rubia tinctorum L., 1753",2892272,46881,Rubia tinctorum,Rubia tinctorum,Ricinus communis
119097,Angiosperm,"Rubus fruticosus L., 1753 [nom. et typ. cons.]",8436459,47059,Rubus fruticosus,Rubus fruticosus,not_found
119149,Angiosperm,"Rubus idaeus L., 1753",2993094,47124,Rubus idaeus,Rubus idaeus,Rosa canina
119418,Angiosperm,"Rumex acetosa L., 1753 [nom. et typ. cons.]",2888951,47451,Rumex acetosa,Rumex acetosa,not_found
119419,Angiosperm,"Rumex acetosella L., 1753",2888995,47452,Rumex acetosella,Rumex acetosella,Rubia peregrina
119435,Angiosperm,"Rumex alpinus L., 1753 [nom. et typ. cons.]",2888948,47456,Rumex alpinus,Rumex alpinus,Rubia tinctorum
119473,Angiosperm,"Rumex crispus L., 1753",8195144,47468,Rumex crispus,Rumex crispus,Rubus fruticosus
119550,Angiosperm,"Rumex obtusifolius L., 1753",2889011,47498,Rumex obtusifolius,Rumex obtusifolius,Rubus idaeus
119558,Angiosperm,"Rumex patientia L., 1753",2889019,47501,Rumex patientia,Rumex patientia,Rumex acetosa
119698,Angiosperm,"Ruscus aculeatus L., 1753",2769766,47558,Ruscus aculeatus,Ruscus aculeatus,Rumex acetosella
119860,Angiosperm,"Sagittaria sagittifolia L., 1753",5328882,47714,Sagittaria sagittifolia,Sagittaria sagittifolia,Rumex alpinus
119915,Angiosperm,"Salix alba L., 1753 [nom. et typ. cons.]",5422592,47776,Salix alba,Salix alba,Rumex crispus
119977,Angiosperm,"Salix caprea L., 1753",5372952,47806,Salix caprea,Salix caprea,Rumex obtusifolius
120135,Angiosperm,"Salix myrsinifolia Salisb., 1796",5372875,47888,Salix myrsinifolia,not_found,Rumex patientia
120189,Angiosperm,"Salix purpurea L., 1753",5372800,47913,Salix purpurea,Salix purpurea,Ruscus aculeatus
120642,Angiosperm,"Salvia fruticosa Mill., 1768",6412283,48116,Salvia fruticosa,Salvia fruticosa,Sagittaria sagittifolia
120643,Angiosperm,"Salvia glutinosa L., 1753",2927026,48118,Salvia glutinosa,Salvia glutinosa,Salix alba
120678,Angiosperm,"Salvia officinalis L., 1753",2927004,48147,Salvia officinalis,Salvia officinalis,Salix caprea
120685,Angiosperm,"Salvia pratensis L., 1753",2927007,48156,Salvia pratensis,Salvia pratensis,not_found
120712,Angiosperm,"Sambucus ebulus L., 1753",2888722,48201,Sambucus ebulus,Sambucus ebulus,Salix purpurea
120717,Angiosperm,"Sambucus nigra L., 1753",2888728,48206,Sambucus nigra,Sambucus nigra,Salvia fruticosa
120720,Angiosperm,"Sambucus racemosa L., 1753",2888723,48209,Sambucus racemosa,Sambucus racemosa,Salvia glutinosa
120758,Angiosperm,"Sanguisorba officinalis L., 1753",3029627,48235,Sanguisorba officinalis,Sanguisorba officinalis,Salvia officinalis
120772,Angiosperm,"Sanicula europaea L., 1753",6027128,48244,Sanicula europaea,Sanicula europaea,Salvia pratensis
120785,Angiosperm,"Santolina chamaecyparissus L., 1753",3125933,48303,Santolina chamaecyparissus,Santolina chamaecyparissus,Sambucus ebulus
120786,Angiosperm,"Santolina corsica Jord. & Fourr., 1869",4252927,71245,not_found,not_found,Sambucus nigra
120823,Angiosperm,"Saponaria ocymoides L., 1753",3085357,48361,Saponaria ocymoides,Saponaria ocymoides,Sambucus racemosa
120824,Angiosperm,"Saponaria officinalis L., 1753",3085360,48362,Saponaria officinalis,Saponaria officinalis,Sanguisorba officinalis
120908,Angiosperm,"Satureja montana L., 1753",2926884,48472,Satureja montana,Satureja montana,Sanicula europaea
121065,Angiosperm,"Saxifraga granulata L., 1753",7887000,48601,Saxifraga granulata,not_found,Santolina chamaecyparissus
121334,Angiosperm,"Scabiosa columbaria L., 1753",2888802,48641,Scabiosa columbaria,Scabiosa columbaria,not_found
121606,Angiosperm,"Scilla bifolia L., 1753",2767506,49008,Scilla bifolia,not_found,Saponaria ocymoides
121823,Angiosperm,"Scleranthus annuus L., 1753",3085894,49087,Scleranthus annuus,Scleranthus annuus,Saponaria officinalis
121999,Angiosperm,"Scrophularia auriculata L., 1753 [nom. et typ. cons.]",3170875,49223,Scrophularia auriculata,not_found,Satureja montana
122028,Angiosperm,"Scrophularia nodosa L., 1753",3170886,49239,Scrophularia nodosa,Scrophularia nodosa,not_found
122069,Angiosperm,"Scutellaria galericulata L., 1753",2926759,49261,Scutellaria galericulata,Scutellaria galericulata,Scabiosa columbaria
122101,Angiosperm,"Sedum acre L., 1753",5362007,49361,Sedum acre,Sedum acre,not_found
122106,Angiosperm,"Sedum album L., 1753",5362008,49363,Sedum album,Sedum album,Scleranthus annuus
122140,Angiosperm,"Sedum cepaea L., 1753",5690287,49371,not_found,not_found,not_found
122243,Angiosperm,"Sedum rubens L., 1753",7963827,49395,not_found,not_found,Scrophularia nodosa
122419,Angiosperm,"Sempervivum arachnoideum L., 1753",4201709,49468,Sempervivum arachnoideum,Sempervivum arachnoideum,Scutellaria galericulata
122467,Angiosperm,"Sempervivum montanum L., 1753",8164781,49473,Sempervivum montanum,not_found,Sedum acre
122493,Angiosperm,"Sempervivum tectorum L., 1753",2985949,49475,Sempervivum tectorum,Sempervivum tectorum,Sedum album
122593,Angiosperm,"Senecio doronicum (L.) L., 1759",3107708,49526,not_found,not_found,not_found
122675,Angiosperm,"Senecio ovatus (G.Gaertn., B.Mey. & Scherb.) Willd., 1803",3107361,49594,Senecio ovatus,not_found,not_found
122714,Angiosperm,"Senecio sarracenicus L., 1753 [nom. et typ. cons.]",7903764,49614,not_found,not_found,Sempervivum arachnoideum
122726,Angiosperm,"Senecio sylvaticus L., 1753",3107987,49629,not_found,Senecio sylvaticus,not_found
122745,Angiosperm,"Senecio vulgaris L., 1753",3108983,49638,Senecio vulgaris,Senecio vulgaris,Sempervivum tectorum
122971,Angiosperm,"Serratula tinctoria L., 1753",5388835,49774,Serratula tinctoria,Serratula tinctoria,not_found
123258,Angiosperm,"Sideritis hyssopifolia L., 1753",8372368,50123,Sideritis hyssopifolia,not_found,not_found
123683,Angiosperm,"Silene vulgaris (Moench) Garcke, 1869",9172281,50304,Silene vulgaris,Silene vulgaris,not_found
123705,Angiosperm,"Silybum marianum (L.) Gaertn., 1791",3145214,50313,Silybum marianum,Silybum marianum,Senecio sylvaticus
123711,Angiosperm,"Sinapis alba L., 1753",3047621,50347,Sinapis alba,Sinapis alba,Senecio vulgaris
123713,Angiosperm,"Sinapis arvensis L., 1753",3047598,50348,Sinapis arvensis,Sinapis arvensis,Serratula tinctoria
123863,Angiosperm,"Sisymbrium officinale (L.) Scop., 1772",3046890,50427,Sisymbrium officinale,Sisymbrium officinale,not_found
124034,Angiosperm,"Solanum dulcamara L., 1753",2932737,50679,Solanum dulcamara,Solanum dulcamara,Silene vulgaris
124080,Angiosperm,"Solanum nigrum L., 1753",9150405,50755,Solanum nigrum,Solanum nigrum,Silybum marianum
124139,Angiosperm,"Soldanella alpina L., 1753",7923515,50853,not_found,Soldanella alpina,Sinapis alba
124164,Angiosperm,"Solidago canadensis L., 1753",5389029,50873,Solidago canadensis,Solidago canadensis,Sinapis arvensis
124168,Angiosperm,"Solidago gigantea Aiton, 1789",5389017,50876,Solidago gigantea,Solidago gigantea,Sisymbrium officinale
124205,Angiosperm,"Solidago virgaurea L., 1753",6446462,50905,Solidago virgaurea,Solidago virgaurea,Solanum dulcamara
124232,Angiosperm,"Sonchus arvensis L., 1753",3105813,50913,Sonchus arvensis,Sonchus arvensis,Solanum nigrum
124233,Angiosperm,"Sonchus asper (L.) Hill, 1769",3105782,50914,Sonchus asper,Sonchus asper,Soldanella alpina
124308,Angiosperm,"Sorbus aucuparia L., 1753",3012167,50997,Sorbus aucuparia,Sorbus aucuparia,Solidago canadensis
124453,Angiosperm,"Spartium junceum L., 1753",5355395,51228,Spartium junceum,Spartium junceum,Solidago gigantea
124499,Angiosperm,"Spergula arvensis L., 1753",3085810,51244,Spergula arvensis,Spergula arvensis,Solidago virgaurea
124741,Angiosperm,"Stachys annua (L.) L., 1763",2927235,51533,Stachys annua,not_found,Sonchus arvensis
124744,Angiosperm,"Stachys arvensis (L.) L., 1763",2927229,51535,Stachys arvensis,not_found,Sonchus asper
124798,Angiosperm,"Stachys palustris L., 1753",2927245,51554,Stachys palustris,Stachys palustris,Sorbus aucuparia
124814,Angiosperm,"Stachys sylvatica L., 1753",2927282,51561,Stachys sylvatica,Stachys sylvatica,Spartium junceum
125014,Angiosperm,"Stellaria media (L.) Vill., 1789",5384604,51634,Stellaria media,Stellaria media,Spergula arvensis
125295,Angiosperm,"Succisa pratensis Moench, 1794",2888811,52337,Succisa pratensis,Succisa pratensis,not_found
125324,Angiosperm,"Symphoricarpos albus (L.) S.F.Blake, 1914",8012439,52513,Symphoricarpos albus,Symphoricarpos albus,not_found
125343,Angiosperm,"Symphytum bulbosum K.F.Schimp., 1825",7629613,52528,not_found,not_found,Stachys palustris
125355,Angiosperm,"Symphytum officinale L., 1753",7558421,52530,Symphytum officinale,Symphytum officinale,Stachys sylvatica
125426,Angiosperm,"Tamarix gallica L., 1753",8380575,52980,Tamarix gallica,Tamarix gallica,Stellaria media
125469,Angiosperm,"Tanacetum parthenium (L.) Sch.Bip., 1844",3118430,53016,Tanacetum parthenium,Tanacetum parthenium,Succisa pratensis
125474,Angiosperm,"Tanacetum vulgare L., 1753",3118274,53018,Tanacetum vulgare,Tanacetum vulgare,Symphoricarpos albus
717630,Angiosperm,"Taraxacum officinale F.H.Wigg., 1780",5394163,391852,Taraxacum officinale,Taraxacum officinale,not_found
125981,Angiosperm,"Teucrium chamaedrys L., 1753",6411747,53949,Teucrium chamaedrys,Teucrium chamaedrys,Symphytum officinale
126006,Angiosperm,"Teucrium marum L., 1753",7308317,99690,Teucrium marum,Teucrium marum,Tamarix gallica
126008,Angiosperm,"Teucrium montanum L., 1753",7308294,53962,Teucrium montanum,not_found,Tanacetum parthenium
126019,Angiosperm,"Teucrium polium L., 1753",3887764,53965,Teucrium polium,Teucrium polium,Tanacetum vulgare
126035,Angiosperm,"Teucrium scorodonia L., 1753",2926901,53973,Teucrium scorodonia,Teucrium scorodonia,Taraxacum officinale
126552,Angiosperm,"Thymus nitens Lamotte, 1881",5606132,54253,not_found,not_found,Teucrium chamaedrys
126573,Angiosperm,"Thymus serpyllum L., 1753",6409622,54268,Thymus serpyllum,Thymus serpyllum,Teucrium marum
126582,Angiosperm,"Thymus vulgaris L., 1753",5341442,54274,Thymus vulgaris,Thymus vulgaris,not_found
126628,Angiosperm,"Tilia cordata Mill., 1768",3152047,54325,Tilia cordata,Tilia cordata,Teucrium polium
126650,Angiosperm,"Tilia platyphyllos Scop., 1771 [nom. et typ. cons.]",3152048,54344,Tilia platyphyllos,Tilia platyphyllos,Teucrium scorodonia
127029,Angiosperm,"Tragopogon pratensis L., 1753",5386897,54643,Tragopogon pratensis,Tragopogon pratensis,not_found
127131,Angiosperm,"Tribulus terrestris L., 1753",5421116,54718,Tribulus terrestris,Tribulus terrestris,Thymus serpyllum
127219,Angiosperm,"Trifolium alpinum L., 1753",5359425,54920,Trifolium alpinum,not_found,Thymus vulgaris
127230,Angiosperm,"Trifolium arvense L., 1753",5359246,54926,Trifolium arvense,not_found,Tilia cordata
127439,Angiosperm,"Trifolium pratense L., 1753",8324121,54991,Trifolium pratense,Trifolium pratense,Tilia platyphyllos
127872,Angiosperm,"Trollius europaeus L., 1753",3033289,55291,Trollius europaeus,Trollius europaeus,Tragopogon pratensis
128042,Angiosperm,"Tussilago farfara L., 1753",3149879,55378,Tussilago farfara,Tussilago farfara,Tribulus terrestris
128077,Angiosperm,"Typha latifolia L., 1753",5289423,55399,Typha latifolia,Typha latifolia,not_found
128175,Angiosperm,"Ulmus minor Mill., 1768",5361865,55465,Ulmus minor,not_found,not_found
128215,Angiosperm,"Umbilicus rupestris (Salisb.) Dandy, 1948",7334368,55489,Umbilicus rupestris,Umbilicus rupestris,Trifolium pratense
128268,Angiosperm,"Urtica dioica L., 1753",7960979,55598,Urtica dioica,Urtica dioica,Trollius europaeus
128298,Angiosperm,"Urtica urens L., 1753",5361815,55609,Urtica urens,Urtica urens,Tussilago farfara
128345,Angiosperm,"Vaccinium myrtillus L., 1753",2882833,55736,Vaccinium myrtillus,Vaccinium myrtillus,Typha latifolia
128391,Angiosperm,"Valeriana celtica L., 1753",7298940,100721,Valeriana celtica,Valeriana celtica,not_found
128416,Angiosperm,"Valeriana montana L., 1753",7735944,55771,not_found,not_found,Umbilicus rupestris
128419,Angiosperm,"Valeriana officinalis L., 1753",2888763,55773,Valeriana officinalis,Valeriana officinalis,Urtica dioica
128476,Angiosperm,"Valerianella locusta (L.) Laterr., 1821",2888778,55801,Valeriana locusta,not_found,Urtica urens
128520,Angiosperm,"Veratrum album L., 1753",2742119,55963,Veratrum album,Veratrum album,Vaccinium myrtillus
128567,Angiosperm,"Verbascum densiflorum Bertol., 1810",3171939,55982,Verbascum densiflorum,Verbascum densiflorum,Valeriana celtica
128615,Angiosperm,"Verbascum nigrum L., 1753",3171945,55994,Verbascum nigrum,Verbascum nigrum,not_found
128660,Angiosperm,"Verbascum thapsus L., 1753",3171949,56010,Verbascum thapsus,Verbascum thapsus,Valeriana officinalis
128754,Angiosperm,"Verbena officinalis L., 1753",2925529,56033,Verbena officinalis,Verbena officinalis,not_found
128808,Angiosperm,"Veronica beccabunga L., 1753",3172062,56238,Veronica beccabunga,Veronica beccabunga,Veratrum album
128832,Angiosperm,"Veronica chamaedrys L., 1753",7874883,56242,Veronica chamaedrys,Veronica chamaedrys,Verbascum densiflorum
128938,Angiosperm,"Veronica officinalis L., 1753",3172049,56262,Veronica officinalis,Veronica officinalis,Verbascum nigrum
129083,Angiosperm,"Viburnum lantana L., 1753",2888615,56319,Viburnum lantana,Viburnum lantana,Verbascum thapsus
129087,Angiosperm,"Viburnum opulus L., 1753",2888605,56323,Viburnum opulus,Viburnum opulus,Verbena officinalis
129468,Angiosperm,"Vinca major L., 1753",3169708,56477,Vinca major,Vinca major,Veronica beccabunga
129470,Angiosperm,"Vinca minor L., 1753",3169707,56478,Vinca minor,Vinca minor,Veronica chamaedrys
129477,Angiosperm,"Vincetoxicum hirundinaria Medik., 1790",5414548,56482,Vincetoxicum hirundinaria,Vincetoxicum hirundinaria,Veronica officinalis
129506,Angiosperm,"Viola arvensis Murray, 1770",5331235,56491,Viola arvensis,not_found,Viburnum lantana
129520,Angiosperm,"Viola biflora L., 1753",5331325,56497,Viola biflora,Viola biflora,Viburnum opulus
129527,Angiosperm,"Viola calcarata L., 1753",7296469,56502,Viola calcarata,not_found,Vinca major
129529,Angiosperm,"Viola canina L., 1753",5331258,56505,Viola canina,Viola canina,Vinca minor
129539,Angiosperm,"Viola collina Besser, 1816",7296247,56508,not_found,Viola collina,Vincetoxicum hirundinaria
129596,Angiosperm,"Viola jordanii Hanry, 1853",7344870,101002,not_found,not_found,not_found
129614,Angiosperm,"Viola lutea Huds., 1762",8388117,56535,Viola lutea,not_found,Viola biflora
129632,Angiosperm,"Viola odorata L., 1753",5331181,56546,Viola odorata,Viola odorata,not_found
129639,Angiosperm,"Viola palustris L., 1753",5331355,56549,Viola palustris,not_found,Viola canina
129666,Angiosperm,"Viola reichenbachiana Jord. ex Boreau, 1857",5663962,56566,not_found,Viola reichenbachiana,Viola collina
129674,Angiosperm,"Viola rupestris F.W.Schmidt, 1791",7296242,56571,not_found,not_found,not_found
129723,Angiosperm,"Viola tricolor L., 1753",5331347,56588,Viola tricolor,Viola tricolor,not_found
129906,Angiosperm,"Viscum album L., 1753",2889828,56635,Viscum album,Viscum album,Viola odorata
130484,Angiosperm,"Xanthium orientale L., 1763",3089146,57120,not_found,Xanthium strumarium,not_found
130491,Angiosperm,"Xanthium spinosum L., 1753",3089150,57127,Xanthium spinosum,Xanthium spinosum,Viola reichenbachiana
130492,Angiosperm,"Xanthium strumarium L., 1753",3089154,57128,Xanthium strumarium,Xanthium strumarium,not_found
162352,Angiosperm,"Ziziphus jujuba Mill., 1768 [nom. cons.]",3039423,57554,Ziziphus jujuba,Ziziphus jujuba,Viola tricolor
84458,Fern,"Asplenium adiantum-nigrum L., 1753",2650594,5634,Asplenium adiantum-nigrum,Asplenium adiantum-nigrum,Viscum album
84472,Fern,"Asplenium ceterach L., 1753",2650617,5649,Asplenium ceterach,Asplenium ceterach,Viscum album
84524,Fern,"Asplenium scolopendrium L., 1753",2650669,5693,Asplenium scolopendrium,Asplenium scolopendrium,Viscum album
95567,Fern,"Dryopteris filix-mas (L.) Schott, 1834",5275132,19413,Dryopteris filix-mas,Dryopteris filix-mas,Viscum album
96508,Fern,"Equisetum arvense L., 1753",7924597,20927,Equisetum arvense,Equisetum arvense,Xanthium strumarium
96523,Fern,"Equisetum hyemale L., 1753",2687927,20931,Equisetum hyemale,Equisetum hyemale,Xanthium spinosum
96534,Fern,"Equisetum palustre L., 1753",2687932,20934,Equisetum palustre,Equisetum palustre,Xanthium strumarium
96545,Fern,"Equisetum sylvaticum L., 1753",2687929,20939,Equisetum sylvaticum,Equisetum sylvaticum,Ziziphus jujuba
96546,Fern,"Equisetum telmateia Ehrh., 1783",2687943,20940,Equisetum telmateia,Equisetum telmateia,Asplenium adiantum-nigrum
762284,Fern,"Equisetum variegatum Schleich. ex F.Weber & D.Mohr, 1807",2687920,20942,not_found,Equisetum variegatum,Asplenium ceterach
111815,Fern,"Osmunda regalis L., 1753",8049341,39427,Osmunda regalis,Osmunda regalis,Asplenium scolopendrium
115016,Fern,"Polypodium vulgare L., 1753",5274951,43323,Polypodium vulgare,Polypodium vulgare,Dryopteris filix-mas
116265,Fern,"Pteridium aquilinum (L.) Kuhn, 1879",5275012,44805,Pteridium aquilinum,Pteridium aquilinum,Equisetum arvense
79319,Gymnosperm,"Abies alba Mill., 1768",2685484,29,Abies alba,Abies alba,Equisetum hyemale
89452,Gymnosperm,"Cedrus atlantica (Endl.) Manetti ex Carri�re, 1855",5284702,11381,Cedrus atlantica,Cedrus atlantica,Equisetum palustre
93590,Gymnosperm,"Cupressus sempervirens L., 1753",2684030,15939,Cupressus sempervirens,Cupressus sempervirens,Equisetum sylvaticum
96101,Gymnosperm,"Ephedra distachya L., 1753",2653321,20753,Ephedra distachya,Ephedra distachya,Equisetum telmateia
104397,Gymnosperm,"Juniperus communis L., 1753",2684709,31556,Juniperus communis,Juniperus communis,Equisetum variegatum
104409,Gymnosperm,"Juniperus oxycedrus L., 1753",2684451,31578,Juniperus oxycedrus,Juniperus oxycedrus,Osmunda regalis
104413,Gymnosperm,"Juniperus sabina L., 1753",7963890,31587,Juniperus sabina,Juniperus sabina,Polypodium vulgare
105042,Gymnosperm,"Larix decidua Mill., 1768",2686212,32364,Larix decidua,Larix decidua,Pteridium aquilinum
113432,Gymnosperm,"Picea abies (L.) H.Karst., 1881",5284884,41907,Picea abies,Picea abies,Abies alba
113651,Gymnosperm,"Pinus cembra L., 1753",5285134,42105,Pinus cembra,Pinus cembra,Cedrus atlantica
113665,Gymnosperm,"Pinus halepensis Mill., 1768",5285604,42129,Pinus halepensis,Pinus halepensis,Cupressus sempervirens
113682,Gymnosperm,"Pinus mugo Turra, 1764",5285385,42157,Pinus mugo,Pinus mugo,Ephedra distachya
113689,Gymnosperm,"Pinus pinaster Aiton, 1789",5285565,42166,Pinus pinaster,Pinus pinaster,Juniperus communis
113690,Gymnosperm,"Pinus pinea L., 1753",5285165,42167,Pinus pinea,Pinus pinea,Juniperus oxycedrus
113703,Gymnosperm,"Pinus sylvestris L., 1753",5285637,42185,Pinus sylvestris,Pinus sylvestris,Juniperus sabina
116216,Gymnosperm,"Pseudotsuga menziesii (Mirb.) Franco, 1950",2685796,44567,Pseudotsuga menziesii,Pseudotsuga menziesii,Larix decidua
125816,Gymnosperm,"Taxus baccata L., 1753",5284517,53526,Taxus baccata,Taxus baccata,Picea abies
618756,Angiosperm,"Anchusa azurea Mill., 1768",5341198,3460,Anchusa azurea,Anchusa azurea,Pinus cembra
101253,Angiosperm,"Hepatica nobilis Schreb., 1771",5371699,203058,Hepatica nobilis,Hepatica nobilis,Pinus halepensis
85152,Angiosperm,"Atropa bella-donna L., 1753",3802655,6192,Atropa bella-donna,Atropa bella-donna,Pinus mugo
86828,Angiosperm,"Bryonia dioica Jacq., 1774",6422396,8654,Bryonia cretica,Bryonia dioica,Pinus mugo
95436,Angiosperm,"Drosera anglica Huds., 1778",3190932,19340,Drosera anglica,not_found,Pinus pinaster
116412,Angiosperm,"Pulmonaria australis (Murr) W.Sauer, 1975",5660562,45034,not_found,not_found,Pinus pinaster
119881,Angiosperm,"Salicornia europaea L., 1753",9823570,47757,Salicornia europaea,Salicornia europaea,Pinus pinaster
92488,Angiosperm,"Cormus domestica (L.) Spach, 1834",3013215,51024,Cormus domestica,not_found,Pinus pinea
124578,Angiosperm,"Spergularia rubra (L.) J.Presl & C.Presl, 1819",3085633,98361,Spergularia rubra,Spergularia rubra,Pinus sylvestris
999933,Angiosperm,"Rabelera holostea (L.) M.T.Sharples & E.A.Tripp, 2019",11071158,51629,not_found,not_found,Pseudotsuga menziesii
107887,Angiosperm,"Melilotus altissimus Thuill., 1799",2971042,459564,Melilotus altissimus,Melilotus altissimus,Taxus baccata
107942,Angiosperm,"Melilotus officinalis (L.) Lam., 1779",8193111,459576,Melilotus officinalis,Melilotus officinalis,NA
81287,Angiosperm,"Alkanna matthioli Tausch, 1824",5341257,2478,Alkanna tinctoria,not_found,NA
83528,Angiosperm,"Arctostaphylos uva-ursi (L.) Spreng., 1825",2882580,4528,Arctostaphylos uva-ursi,Arctostaphylos uva-ursi,NA
83969,Angiosperm,"Artemisia eriantha Ten., 1831",4229609,5188,not_found,not_found,Anchusa azurea
85745,Angiosperm,"Bellis sylvestris Cirillo, 1792",3117401,7174,not_found,not_found,Hepatica nobilis
85852,Angiosperm,"Betonica officinalis L., 1753",2927280,51552,Betonica officinalis,not_found,Atropa bella-donna
87849,Angiosperm,"Capsella bursa-pastoris (L.) Medik., 1792",5375388,10226,Capsella bursa-pastoris,Capsella bursa-pastoris,Bryonia dioica
161772,Angiosperm,"Charybdis maritima (L.) Speta, 1998",2776790,19299,Drimia maritima,not_found,not_found
92353,Angiosperm,"Convolvulus sepium L., 1753",7384966,9842,Calystegia sepium,not_found,Helianthemum nummularium
92566,Angiosperm,"Corrigiola litoralis L., 1753",5384680,14638,Corrigiola litoralis,not_found,not_found
92854,Angiosperm,"Crataegus germanica (L.) Kuntze, 1891",3031774,36364,Crataegus germanica,not_found,Salicornia europaea
93680,Angiosperm,"Cyanus segetum Hill, 1762",3089561,11567,Centaurea cyanus,not_found,not_found
95149,Angiosperm,"Dipsacus fullonum L., 1753",8435025,18734,Dipsacus fullonum,Dipsacus fullonum,Spergularia rubra
96046,Angiosperm,"Elytrigia repens (L.) Desv. ex Nevski, 1934",5290299,20359,Elymus repens,Elytrigia repens,not_found
97185,Angiosperm,"Erysimum cheiri (L.) Crantz, 1769",3048203,425541,Erysimum cheiri,Erysimum cheiri,Melilotus altissimus
98023,Angiosperm,"Ferula glauca L., 1753",3638472,24101,Ferula glauca,not_found,Melilotus officinalis
103057,Angiosperm,"Hyacinthoides non-scripta (L.) Chouard ex Rothm., 1944",5304283,29696,Hyacinthoides non-scripta,Hyacinthoides nonscripta,NA
103553,Angiosperm,"Impatiens noli-tangere L., 1753 [nom. et typ. cons.]",2891779,30393,Impatiens noli-tangere,Impatiens noli-tangere,NA
103737,Angiosperm,"Iris germanica L., 1753",5298069,432139,Iris germanica,Iris germanica,NA
106546,Angiosperm,"Loncomelos pyrenaicus (L.) Hrouda, 1988",2772902,39281,not_found,Ornithogalum pyrenaicum,NA
610909,Angiosperm,"Lysimachia arvensis (L.) U.Manns & Anderb., 2009",8184903,3410,Lysimachia arvensis,not_found,NA
107886,Angiosperm,"Melilotus albus Medik., 1787",2971095,459563,Melilotus albus,Melilotus albus,NA
112816,Angiosperm,"Petrosedum rupestre (L.) P.V.Heath, 1987",7618770,445080,Petrosedum rupestre,not_found,NA
113321,Angiosperm,"Physalis alkekengi L., 1753",5422592,250480,Alkekengi officinarum,Physalis alkekengi,NA
115789,Angiosperm,"Poterium sanguisorba L., 1753",5364245,48233,Sanguisorba minor,Sanguisorbia minor,NA
116459,Angiosperm,"Pulsatilla vernalis (L.) Mill., 1768",3928615,45060,Pulsatilla vernalis,Adonis vernalis,NA
116460,Angiosperm,"Pulsatilla vulgaris Mill., 1768",3033621,45061,Pulsatilla vulgaris,Pulsatilla vulgaris,NA
117787,Angiosperm,"Ribes uva-crispa L., 1753",2986185,46535,Ribes uva-crispa,Ribes uva-crispa,NA
1027822,Angiosperm,"Salvia rosmarinus Spenn., 1835",10902460,451852,Salvia rosmarinus,Rosmarinus officinalis,NA
119883,Angiosperm,"Salicornia fruticosa (L.) L., 1762",5567884,48406,not_found,not_found,NA
119892,Angiosperm,"Salicornia perennis Mill., 1768",5383932,48409,not_found,not_found,NA
121449,Angiosperm,"Scandix pecten-veneris L., 1753",3034233,48687,Scandix pecten-veneris,not_found,NA
124848,Angiosperm,"Staphisagria macrosperma Spach, 1838",7620156,80856,not_found,Delphinium staphysagria,NA
124970,Angiosperm,"Stellaria aquatica (L.) Scop., 1771",5384501,51618,Stellaria aquatica,not_found,NA
125568,Angiosperm,"Taraxacum dens-leonis Desf., 1799",5394163,391852,Taraxacum officinale,Taraxacum officinale,NA
128355,Angiosperm,"Vaccinium vitis-idaea L., 1753",2882835,55754,Vaccinium vitis-idaea,Vaccinium vitis-idaea,NA
129910,Angiosperm,"Visnaga daucoides Gaertn., 1788",5371753,3211,Visnaga daucoides,not_found,not_found
447951,Fern,"Adiantum capillus-veneris L., 1753",2651816,1305,Adiantum capillus-veneris,Adiantum capillus-veneris,Arctostaphylos uva-ursi
83969,Angiospermes,Plantae,"Artemisia eriantha Ten., 1831",4229609,5188,not_found,not_found
85745,Angiospermes,Plantae,"Bellis sylvestris Cirillo, 1792",3117401,7174,not_found,not_found
85852,Angiospermes,Plantae,"Betonica officinalis L., 1753",2927280,51552,Betonica officinalis,not_found
87849,Angiospermes,Plantae,"Capsella bursa-pastoris (L.) Medik., 1792",5375388,10226,Capsella bursa-pastoris,Capsella bursa-pastoris
161772,Angiospermes,Plantae,"Charybdis maritima (L.) Speta, 1998",2776790,19299,Drimia maritima,not_found
92353,Angiospermes,Plantae,"Convolvulus sepium L., 1753",7384966,9842,Calystegia sepium,not_found
92566,Angiospermes,Plantae,"Corrigiola litoralis L., 1753",5384680,14638,Corrigiola litoralis,not_found
92854,Angiospermes,Plantae,"Crataegus germanica (L.) Kuntze, 1891",3031774,36364,Crataegus germanica,not_found
93680,Angiospermes,Plantae,"Cyanus segetum Hill, 1762",3089561,11567,Centaurea cyanus,not_found
95149,Angiospermes,Plantae,"Dipsacus fullonum L., 1753",8435025,18734,Dipsacus fullonum,Dipsacus fullonum
96046,Angiospermes,Plantae,"Elytrigia repens (L.) Desv. ex Nevski, 1934",5290299,20359,Elymus repens,Elytrigia repens
97185,Angiospermes,Plantae,"Erysimum cheiri (L.) Crantz, 1769",3048203,425541,Erysimum cheiri,Erysimum cheiri
98023,Angiospermes,Plantae,"Ferula glauca L., 1753",3638472,24101,Ferula glauca,not_found
103057,Angiospermes,Plantae,"Hyacinthoides non-scripta (L.) Chouard ex Rothm., 1944",5304283,29696,Hyacinthoides non-scripta,Hyacinthoides nonscripta
103553,Angiospermes,Plantae,"Impatiens noli-tangere L., 1753 [nom. et typ. cons.]",2891779,30393,Impatiens noli-tangere,Impatiens noli-tangere
103737,Angiospermes,Plantae,"Iris germanica L., 1753",5298069,432139,Iris germanica,Iris germanica
106546,Angiospermes,Plantae,"Loncomelos pyrenaicus (L.) Hrouda, 1988",2772902,39281,not_found,Ornithogalum pyrenaicum
610909,Angiospermes,Plantae,"Lysimachia arvensis (L.) U.Manns & Anderb., 2009",8184903,3410,Lysimachia arvensis,not_found
107886,Angiospermes,Plantae,"Melilotus albus Medik., 1787",2971095,459563,Melilotus albus,Melilotus albus
112816,Angiospermes,Plantae,"Petrosedum rupestre (L.) P.V.Heath, 1987",7618770,445080,Petrosedum rupestre,not_found
113321,Angiospermes,Plantae,"Physalis alkekengi L., 1753",5422592,250480,Alkekengi officinarum,Physalis alkekengi
115789,Angiospermes,Plantae,"Poterium sanguisorba L., 1753",5364245,48233,Sanguisorba minor,Sanguisorbia minor
116459,Angiospermes,Plantae,"Pulsatilla vernalis (L.) Mill., 1768",3928615,45060,Pulsatilla vernalis,Adonis vernalis
116460,Angiospermes,Plantae,"Pulsatilla vulgaris Mill., 1768",3033621,45061,Pulsatilla vulgaris,Pulsatilla vulgaris
117787,Angiospermes,Plantae,"Ribes uva-crispa L., 1753",2986185,46535,Ribes uva-crispa,Ribes uva-crispa
1027822,Angiospermes,Plantae,"Salvia rosmarinus Spenn., 1835",10902460,451852,Salvia rosmarinus,Rosmarinus officinalis
119883,Angiospermes,Plantae,"Salicornia fruticosa (L.) L., 1762",5567884,48406,not_found,not_found
119892,Angiospermes,Plantae,"Salicornia perennis Mill., 1768",5383932,48409,not_found,not_found
121449,Angiospermes,Plantae,"Scandix pecten-veneris L., 1753",3034233,48687,Scandix pecten-veneris,not_found
124848,Angiospermes,Plantae,"Staphisagria macrosperma Spach, 1838",7620156,80856,not_found,Delphinium staphysagria
124970,Angiospermes,Plantae,"Stellaria aquatica (L.) Scop., 1771",5384501,51618,Stellaria aquatica,not_found
125568,Angiospermes,Plantae,"Taraxacum dens-leonis Desf., 1799",5394163,391852,Taraxacum officinale,Taraxacum officinale
128355,Angiospermes,Plantae,"Vaccinium vitis-idaea L., 1753",2882835,55754,Vaccinium vitis-idaea,Vaccinium vitis-idaea
129910,Angiospermes,Plantae,"Visnaga daucoides Gaertn., 1788",5371753,3211,Visnaga daucoides,not_found
447951,Fougères,Plantae,"Adiantum capillus-veneris L., 1753",2651816,1305,Adiantum capillus-veneris,Adiantum capillus-veneris
59009,Lichens,Fungi,"Pseudevernia furfuracea (L.) Zopf, 1903",NA,NA,NA,NA
