CD_REF_v17,NOM_VALIDE,Nom_Lescure_ou_autre,Nom_français,Partie_cueillie
79319,"Abies alba Mill., 1768",Abies alba,Sapin pectiné,"écorce, bourgeons, feuilles, partie aérienne"
79691,"Acacia dealbata Link, 1822",Acacia dealbata,NA,"fleurs, sève, graines"
79734,"Acer campestre L., 1753",Acer campestre,Erable champêtre,"bourgeons, écorce, sève, feuilles"
79766,"Acer negundo L., 1753",Acer negundo,NA,"écorce, feuilles, sève, graines"
79887,"Achillea erba-rotta All., 1773",Achillea erba-rotta,NA,"feuilles, partie aérienne, fleurs"
79908,"Achillea millefolium L., 1753",Achillea millefolium,Achillée millefeuille,"plante entière, partie aérienne, fleurs"
79913,"Achillea nana L., 1753",Achillea nana,NA,partie aérienne
79921,"Achillea ptarmica L., 1753",Achillea ptarmica,NA,feuilles
79939,"Achillea tomentosa L., 1753",Achillea tomentosa,NA,"plante entière, feuilles"
80007,"Aconitum anthora L., 1753",Aconitum anthora,NA,partie souterraine
80034,"Aconitum lycoctonum L., 1753",Aconitum lycoctonum,NA,partie souterraine
80037,"Aconitum napellus L., 1753",Aconitum napellus,NA,"partie souterraine, plante entière"
80066,"Aconitum variegatum L., 1753",Aconitum variegatum,NA,partie souterraine
80086,"Acorus calamus L., 1753",Acorus calamus,NA,"feuilles, partie souterraine, partie aérienne, fleurs"
80137,"Actaea spicata L., 1753",Actaea spicata,Actée en épi,partie souterraine
447951,"Adiantum capillus-veneris L., 1753",Adiantum capillus-veneris,NA,feuilles
80212,"Adonis annua L., 1753 [nom. et typ. cons.]",Adonis annua,NA,plante entière
80240,"Adonis vernalis L., 1753",Adonis vernalis,NA,"partie souterraine, plante entière"
80322,"Aegopodium podagraria L., 1753",Aegopodium podagraria,Egopode podagraire,"plante entière, feuilles, partie souterraine, graines"
80358,"Aethusa cynapium L., 1753",Aethusa cynapium,NA,feuilles
80383,"Agave americana L., 1753",Agave americana,NA,"feuilles, sève, graines, partie aérienne, fleurs, plante entière"
80410,"Agrimonia eupatoria L., 1753",Agrimonia eupatoria,Aigremoine,"plante entière, partie aérienne, fleurs"
80417,"Agrimonia procera Wallr., 1840",Agrimonia procera,NA,partie aérienne
80546,"Agrostemma githago L., 1753",Agrostemma githago,NA,"feuilles, graines"
80824,"Ailanthus altissima (Mill.) Swingle, 1916",Ailanthus altissima,NA,"feuilles, écorce, partie souterraine, sève"
80978,"Ajuga chamaepitys (L.) Schreb., 1773",Ajuga chamaepitys,NA,feuilles
80980,"Ajuga genevensis L., 1753",Ajuga genevensis,NA,partie aérienne
80988,"Ajuga pyramidalis L., 1753",Ajuga pyramidalis,NA,partie aérienne
80990,"Ajuga reptans L., 1753",Ajuga reptans,Bugle rampante,"plante entière, jeunes pousses"
81027,"Alchemilla acutiloba Opiz, 1838",Alchemilla acutiloba,Alchémille vulgaire,"plante entière, partie aérienne, fleurs"
81033,"Alchemilla alpina L., 1753",Alchemilla alpina,NA,"feuilles, partie souterraine, partie aérienne, fleurs"
81287,"Alkanna matthioli Tausch, 1824",Alkanna matthioli,NA,partie souterraine
81295,"Alliaria petiolata (M.Bieb.) Cavara & Grande, 1913",Alliaria petiolata,Alliaire officinale,"fleurs, feuilles, graines, partie souterraine, plante entière"
81499,"Allium roseum L., 1753",Allium roseum,NA,"partie souterraine, feuilles, fleurs, plante entière"
81508,"Allium schoenoprasum L., 1753",Allium schoenoprasum,NA,"fleurs, feuilles, partie souterraine, plante entière"
81541,"Allium ursinum L., 1753",Allium ursinum,Ail des ours,"plante entière, feuilles, partie souterraine, fleurs"
81543,"Allium victorialis L., 1753",Allium victorialis,Ail victorial,"plante entière, feuilles, partie souterraine, fleurs"
81563,"Alnus alnobetula (Ehrh.) K.Koch, 1872",Alnus alnobetula,Aulne vert,"écorce, fruits, bourgeons"
81569,"Alnus glutinosa (L.) Gaertn., 1790",Alnus glutinosa,Aulne glutineux,"bourgeons, écorce, feuilles"
81570,"Alnus incana (L.) Moench, 1794",Alnus incana,Aulne des montagnes,bourgeons
81856,"Althaea officinalis L., 1753",Althaea officinalis,Guimauve officinale,"partie souterraine, fleurs, feuilles, plante entière, partie aérienne"
82018,"Amaranthus retroflexus L., 1753",Amaranthus retroflexus,NA,"feuilles, graines"
82080,"Ambrosia artemisiifolia L., 1753",Ambrosia artemisiifolia,NA,"feuilles, graines"
82130,"Ammi majus L., 1753",Ammi majus,NA,graines
618756,"Anchusa azurea Mill., 1768",Anchusa italica,NA,"fleurs, feuilles, jeunes pousses, partie souterraine, plante entière"
82391,"Anchusa officinalis L., 1753",Anchusa officinalis,NA,"fleurs, feuilles, jeunes pousses, partie souterraine, plante entière"
101253,"Hepatica nobilis Schreb., 1771",Anemone hepatica,NA,plante entière
82637,"Anemone nemorosa L., 1753",Anemone nemorosa,Anémone sylvie,"plante entière, feuilles"
116460,"Pulsatilla vulgaris Mill., 1768",Anemone pulsatilla,Anémone pulsatille,"plante entière, fleurs, partie souterraine"
82656,"Anemone ranunculoides L., 1753",Anemone ranunculoides,NA,"plante entière, feuilles, partie souterraine"
116459,"Pulsatilla vernalis (L.) Mill., 1768",Anemone vernalis,NA,"plante entière, partie souterraine"
82738,"Angelica sylvestris L., 1753",Angelica sylvestris,Angélique sauvage,"feuilles, jeunes pousses, partie aérienne, partie souterraine, graines"
82796,"Antennaria dioica (L.) Gaertn., 1791",Antennaria dioica,NA,plante entière
82922,"Anthoxanthum odoratum L., 1753",Anthoxanthum odoratum,NA,"graines, plante entière, feuilles, fleurs"
82952,"Anthriscus sylvestris (L.) Hoffm., 1814",Anthriscus sylvestris,NA,"feuilles, partie souterraine"
82999,"Anthyllis vulneraria L., 1753",Anthyllis vulneraria,Anthyllis vulnéraire,"fleurs, partie souterraine, feuilles, plante entière, partie aérienne"
83058,"Antirrhinum majus L., 1753",Antirrhinum majus,NA,"graines, fleurs, feuilles, plante entière"
83195,"Apium graveolens L., 1753",Apium graveolens,NA,"feuilles, partie souterraine, graines"
83267,"Aquilegia vulgaris L., 1753",Aquilegia vulgaris,Ancolie vulgaire,"plante entière, partie aérienne, fleurs, feuilles, partie souterraine, graines"
83481,"Arbutus unedo L., 1753",Arbutus unedo,NA,"fruits, feuilles, partie souterraine, écorce"
83499,"Arctium lappa L., 1753",Arctium lappa,Bardane,"feuilles, partie souterraine, graines, partie aérienne"
83502,"Arctium minus (Hill) Bernh., 1800",Arctium minus,NA,"feuilles, partie souterraine, graines, partie aérienne, fleurs"
83528,"Arctostaphylos uva-ursi (L.) Spreng., 1825",Arctostaphylos uva-ursi,Busserole,"feuilles, fruits, partie aérienne"
83653,"Arenaria serpyllifolia L., 1753",Arenaria serpyllifolia,NA,"feuilles, partie aérienne"
117874,"Roemeria argemone (L.) C.Morales, R.Mend. & Romero García, 1988",Argemone mexicana,NA,"feuilles, plante entière, partie souterraine, graines"
83714,"Argentina anserina (L.) Rydb., 1899",Argentina anserina,NA,"partie souterraine, feuilles, plante entière"
83777,"Aristolochia clematitis L., 1753",Aristolochia clematitis,Aristoloche clématite,"partie aérienne, fleurs, plante entière"
83793,"Aristolochia rotunda L., 1753",Aristolochia rotunda,NA,partie souterraine
83832,"Armeria maritima (Mill.) Willd., 1809",Armeria maritima,NA,"feuilles, partie souterraine"
83866,"Armoracia rusticana G.Gaertn., B.Mey. & Scherb., 1800",Armoracia rusticana,NA,"feuilles, partie souterraine, graines"
83874,"Arnica montana L., 1753",Arnica montana,Arnica des montagnes,"partie aérienne, fleurs, partie souterraine, plante entière, feuilles"
83912,"Arrhenatherum elatius (L.) P.Beauv. ex J.Presl & C.Presl, 1819",Arrhenatherum elatius,NA,"feuilles, partie aérienne"
83933,"Artemisia absinthium L., 1753",Artemisia absinthium,Absinthe,"feuilles, partie aérienne, fleurs"
83938,"Artemisia annua L., 1753",Artemisia annua,NA,"partie aérienne, feuilles, graines"
83969,"Artemisia eriantha Ten., 1831",Artemisia eriantha,Génépi laineux,"partie aérienne, fleurs, feuilles"
83973,"Artemisia genipi Weber, 1775",Artemisia genipi,Génépi,"partie aérienne, fleurs, feuilles"
83974,"Artemisia glacialis L., 1763",Artemisia glacialis,NA,plante entière
84003,"Artemisia maritima L., 1753",Artemisia maritima,NA,"partie aérienne, fleurs"
84053,"Artemisia umbelliformis Lam., 1783",Artemisia umbelliformis,Génépi,"partie aérienne, fleurs, feuilles"
84061,"Artemisia vulgaris L., 1753",Artemisia vulgaris,Armoise vulgaire,"partie souterraine, feuilles, fleurs, partie aérienne"
84110,"Arum italicum Mill., 1768",Arum italicum,NA,partie souterraine
84112,"Arum maculatum L., 1753",Arum maculatum,NA,"feuilles, partie souterraine, partie aérienne"
84135,"Aruncus dioicus (Walter) Fernald, 1939",Aruncus dioicus,NA,"feuilles, partie souterraine"
84173,"Arundo donax L., 1753",Arundo donax,NA,"feuilles, partie souterraine, partie aérienne"
84195,"Arundo micrantha Lam., 1791",Arundo micrantha,NA,"feuilles, partie souterraine"
84230,"Asarum europaeum L., 1753",Asarum europaeum,NA,"partie souterraine, feuilles, partie aérienne"
84251,"Asclepias syriaca L., 1753",Asclepias syriaca,NA,"fleurs, feuilles, graines, jeunes pousses, partie souterraine, partie aérienne"
84279,"Asparagus officinalis L., 1753",Asparagus officinalis,NA,"jeunes pousses, partie aérienne, partie souterraine"
84306,"Asperula cynanchica L., 1753",Asperula cynanchica,NA,partie souterraine
84330,"Asperula tinctoria L., 1753",Asperula tinctoria,NA,"partie souterraine, feuilles"
84338,"Asphodelus albus Mill., 1768",Asphodelus albus,Asphodèle blanc,partie souterraine
84458,"Asplenium adiantum-nigrum L., 1753",Asplenium adiantum-nigrum,NA,feuilles
84472,"Asplenium ceterach L., 1753",Asplenium ceterach,NA,plante entière
84524,"Asplenium scolopendrium L., 1753",Asplenium scolopendrium,Scolopendre,feuilles
84936,"Astrantia major L., 1753",Astrantia major,NA,"plante entière, partie souterraine"
85152,"Atropa bella-donna L., 1753",Atropa belladonna,Belladone,"plante entière, partie souterraine, feuilles"
85502,"Ballota nigra L., 1753",Ballota nigra,Ballote fétide,"plante entière, partie aérienne, fleurs"
761965,"Barbarea vulgaris W.T.Aiton, 1812",Barbarea vulgaris,NA,"fleurs, feuilles"
85745,"Bellis sylvestris Cirillo, 1792",Bellis pappulosa,NA,"partie aérienne, fleurs"
85740,"Bellis perennis L., 1753",Bellis perennis,Pâquerette vivace,"plante entière, fleurs, feuilles"
85774,"Berberis vulgaris L., 1753",Berberis vulgaris,Epine vinette,"fruits, feuilles, jeunes pousses, partie souterraine, écorce"
85820,"Beta vulgaris L., 1753",Beta vulgaris,NA,"partie souterraine, feuilles"
85852,"Betonica officinalis L., 1753",Betonica officinalis,NA,partie aérienne
85903,"Betula pendula Roth, 1788",Betula pendula,Bouleau blanc,"jeunes pousses, fleurs, écorce, feuilles, sève, bourgeons, partie souterraine"
85904,"Betula pubescens Ehrh., 1791",Betula pubescens,Bouleau pubescent,"jeunes pousses, fleurs, écorce, feuilles, sève, bourgeons, partie souterraine"
85972,"Bidens pilosa L., 1753",Bidens pilosa,NA,"feuilles, jeunes pousses"
86081,"Bistorta officinalis Delarbre, 1800",Bistorta officinalis,Bistorte,partie souterraine
86087,"Blackstonia perfoliata (L.) Huds., 1762",Blackstonia perfoliata,NA,"partie souterraine, plante entière"
994837,"Blitum bonus-henricus (L.) Rchb., 1832",Blitum bonus-henricus,Chénopode bonne henri,"fleurs, feuilles, graines, jeunes pousses"
86156,"Borago officinalis L., 1753",Borago officinalis,Bourrache officinale,"fleurs, feuilles, partie aérienne, plante entière"
86490,"Briza media L., 1753",Briza media,NA,fleurs
86828,"Bryonia dioica Jacq., 1774",Bryonia cretica,NA,"feuilles, jeunes pousses, plante entière, partie souterraine"
86890,"Buglossoides arvensis (L.) I.M.Johnst., 1954",Buglossoides arvensis,Grémil des champs,plante entière
86969,"Bunias erucago L., 1753",Bunias erucago,NA,"feuilles, partie souterraine, partie aérienne"
87044,"Bupleurum falcatum L., 1753",Bupleurum falcatum,NA,"feuilles, jeunes pousses, partie souterraine"
87143,"Buxus sempervirens L., 1753",Buxus sempervirens,Buis,"jeunes pousses, feuilles, écorce, partie aérienne"
87420,"Calendula arvensis L., 1763",Calendula arvensis,Souci des champs,"plante entière, fleurs, feuilles, jeunes pousses"
87501,"Calluna vulgaris (L.) Hull, 1808",Calluna vulgaris,"Callune, bruyère commune","jeunes pousses, partie aérienne, fleurs, feuilles"
87540,"Caltha palustris L., 1753",Caltha palustris,Populage,"plante entière, fleurs, feuilles, partie souterraine"
87690,"Campanula patula L., 1753",Campanula patula,NA,"feuilles, partie souterraine"
87712,"Campanula rapunculus L., 1753",Campanula rapunculus,NA,"jeunes pousses, feuilles, partie souterraine"
87720,"Campanula rotundifolia L., 1753",Campanula rotundifolia,NA,"feuilles, partie souterraine, plante entière"
87742,"Campanula trachelium L., 1753",Campanula trachelium,NA,"feuilles, partie aérienne"
87849,"Capsella bursa-pastoris (L.) Medik., 1792",Capsella bursa-pastoris,NA,"feuilles, graines, jeunes pousses, plante entière"
87964,"Cardamine pratensis L., 1753",Cardamine pratensis,Cardamine des prés,"plante entière, fleurs, feuilles, jeunes pousses"
89147,"Carlina acaulis L., 1753",Carlina acaulis,NA,"fleurs, partie souterraine, partie aérienne"
89180,"Carlina vulgaris L., 1753",Carlina vulgaris,NA,fleurs
89200,"Carpinus betulus L., 1753",Carpinus betulus,Charme faux-bouleau,"bourgeons, partie aérienne, feuilles"
89232,"Carthamus lanatus L., 1753",Carthamus lanatus,NA,graines
89250,"Carum carvi L., 1753",Carum carvi,NA,"feuilles, partie souterraine, graines"
89304,"Castanea sativa Mill., 1768",Castanea sativa,Châtaignier,"bourgeons, fleurs, partie aérienne, feuilles, graines, écorce"
89452,"Cedrus atlantica (Endl.) Manetti ex Carrière, 1855",Cedrus atlantica,NA,partie aérienne
89468,"Celtis australis L., 1753",Celtis australis,NA,"fruits, graines, feuilles, partie aérienne"
89531,"Centaurea benedicta (L.) L., 1763",Centaurea benedicta,NA,"partie aérienne, feuilles, fleurs"
89542,"Centaurea calcitrapa L., 1753",Centaurea calcitrapa,NA,"feuilles, partie aérienne, partie souterraine, graines"
89619,"Centaurea jacea L., 1753",Centaurea jacea,NA,"feuilles, partie souterraine"
89653,"Centaurea nigra L., 1753",Centaurea nigra,NA,"fleurs, partie souterraine"
89840,"Centaurium erythraea Rafn, 1800",Centaurium erythraea,NA,"plante entière, fleurs"
89888,"Centranthus ruber (L.) DC., 1805",Centranthus ruber,Valériane rouge,"feuilles, partie souterraine"
447038,"Ceratonia siliqua L., 1753",Ceratonia siliqua,NA,graines
90234,"Cercis siliquastrum L., 1753",Cercis siliquastrum,Arbre de judée,"bourgeons, écorce"
90470,"Chamaemelum nobile (L.) All., 1785",Chamaemelum nobile,NA,"plante entière, fleurs, jeunes pousses"
161772,"Charybdis maritima (L.) Speta, 1998",Charybdis maritima,NA,"plante entière, feuilles"
90669,"Chelidonium majus L., 1753",Chelidonium majus,Grande chélidoine,"plante entière, partie aérienne, fleurs, feuilles, graines"
90681,"Chenopodium album L., 1753",Chenopodium album,NA,"fleurs, feuilles, graines, partie souterraine"
90836,"Chenopodium vulvaria L., 1753",Chenopodium vulvaria,NA,"feuilles, graines, fleurs, plante entière"
717139,"Chiliadenus glutinosus (L.) Fourr., 1869",Chiliadenus glutinosus,NA,"partie aérienne, fleurs"
90954,"Chondrilla juncea L., 1753",Chondrilla juncea,NA,feuilles
91169,"Cichorium intybus L., 1753",Cichorium intybus,Chicorée sauvage,"partie souterraine, fleurs, feuilles"
91199,"Cicuta virosa L., 1753",Cicuta virosa,NA,"partie souterraine, feuilles, plante entière"
621080,"Cirsium acaulon (L.) Scop., 1769",Cirsium acaulon,NA,"graines, feuilles"
91289,"Cirsium arvense (L.) Scop., 1772",Cirsium arvense,NA,"feuilles, partie souterraine, partie aérienne"
91410,"Cirsium spinosissimum (L.) Scop., 1769",Cirsium spinosissimum,NA,partie aérienne
91680,"Cistus ladanifer L., 1753",Cistus ladanifer,NA,"sève, graines, feuilles"
91880,"Clematis recta L., 1753",Clematis recta,NA,"feuilles, jeunes pousses, fleurs"
91886,"Clematis vitalba L., 1753",Clematis vitalba,Clématite des haies,"jeunes pousses, partie aérienne, fleurs, feuilles"
91904,"Clinopodium grandiflorum (L.) Kuntze, 1891",Clinopodium grandiflorum,Calament à grandes fleurs,"partie aérienne, feuilles, fleurs, plante entière"
91910,"Clinopodium nepeta (L.) Kuntze, 1891",Clinopodium nepeta,NA,feuilles
91912,"Clinopodium vulgare L., 1753",Clinopodium vulgare,NA,feuilles
92052,"Cochlearia officinalis L., 1753",Cochlearia officinalis,NA,feuilles
92127,"Colchicum autumnale L., 1753",Colchicum autumnale,Colchique d'automne,"partie souterraine, graines"
92196,"Colutea arborescens L., 1753",Colutea arborescens,Baguenaudier,"jeunes pousses, partie aérienne, fleurs, feuilles"
92237,"Conium maculatum L., 1753",Conium maculatum,NA,"feuilles, plante entière, fruits"
92282,"Convallaria majalis L., 1753",Convallaria majalis,Muguet,"plante entière, fleurs, partie souterraine"
92302,"Convolvulus arvensis L., 1753",Convolvulus arvensis,Liseron des champs,"plante entière, partie souterraine"
92353,"Convolvulus sepium L., 1753",Convolvulus sepium,Liseron des haies,"plante entière, partie aérienne, partie souterraine"
92467,"Coriaria myrtifolia L., 1753",Coriaria myrtifolia,NA,"feuilles, écorce, fruits"
92497,"Cornus mas L., 1753",Cornus mas,Cornouiller mâle,"fruits, graines, écorce, fleurs, partie aérienne, feuilles"
92501,"Cornus sanguinea L., 1753",Cornus sanguinea,Cornouiller sanguin,"partie aérienne, feuilles, écorce, fruits, graines, jeunes pousses"
92566,"Corrigiola litoralis L., 1753",Corrigiola littoralis,NA,"jeunes pousses, partie aérienne, feuilles"
92606,"Corylus avellana L., 1753",Corylus avellana,Noisetier,"bourgeons, fleurs, écorce, partie souterraine, feuilles, fruits"
92631,"Cotinus coggygria Scop., 1771",Cotinus coggygria,Sumac fustet à perruque,"bourgeons, fleurs, écorce, partie souterraine, feuilles, partie aérienne"
92824,"Crataegus azarolus L., 1753",Crataegus azarolus,NA,"fruits, feuilles, fleurs, bourgeons"
92854,"Crataegus germanica (L.) Kuntze, 1891",Crataegus germanica,Néflier,"fruits, bourgeons"
92864,"Crataegus laevigata (Poir.) DC., 1825",Crataegus laevigata,Aubépine,"fruits, feuilles, partie souterraine, écorce, fleurs, jeunes pousses"
92876,"Crataegus monogyna Jacq., 1775",Crataegus monogyna,Aubépine,"bourgeons, jeunes pousses, écorce, fleurs, fruits, feuilles"
93045,"Crepis foetida L., 1753",Crepis foetida,NA,"partie aérienne, fleurs"
93129,"Crepis sancta (L.) Bornm., 1913",Crepis sancta,NA,feuilles
93157,"Crepis vesicaria L., 1753",Crepis vesicaria,NA,feuilles
93190,"Crithmum maritimum L., 1753",Crithmum maritimum,Criste marine,"feuilles, graines"
93308,"Cruciata laevipes Opiz, 1852",Cruciata laevipes,NA,"partie aérienne, fleurs, graines, partie souterraine, feuilles"
93590,"Cupressus sempervirens L., 1753",Cupressus sempervirens,Cyprès commun,"fruits, partie aérienne, jeunes pousses, feuilles"
93621,"Cuscuta epithymum (L.) L., 1774",Cuscuta epithymum,NA,"jeunes pousses, partie aérienne, fruits"
93623,"Cuscuta europaea L., 1753",Cuscuta europaea,Cuscute d'europe,plante entière
93673,"Cyanus montanus (L.) Hill, 1768",Cyanus montanus,NA,fleurs
93680,"Cyanus segetum Hill, 1762",Cyanus segetum,Bleuet,"bourgeons, fleurs, jeunes pousses, graines, plante entière"
93708,"Cyclamen purpurascens Mill., 1768",Cyclamen purpurascens,NA,feuilles
93803,"Cynodon dactylon (L.) Pers., 1805",Cynodon dactylon,NA,"feuilles, partie souterraine"
93840,"Cynoglossum officinale L., 1753",Cynoglossum officinale,NA,"feuilles, partie souterraine, partie aérienne, fleurs"
93967,"Cyperus longus L., 1753",Cyperus longus,NA,"jeunes pousses, partie souterraine, feuilles"
94011,"Cyperus rotundus L., 1753",Cyperus rotundus,NA,"fleurs, partie souterraine, graines"
94164,"Cytisus scoparius (L.) Link, 1822",Cytisus scoparius,Genêt à balais,"fleurs, graines, partie aérienne, jeunes pousses"
94207,"Dactylis glomerata L., 1753",Dactylis glomerata,NA,partie aérienne
94266,"Dactylorhiza maculata (L.) Soó, 1962",Dactylorhiza maculata,NA,partie souterraine
94427,"Daphne gnidium L., 1753",Daphne gnidium,NA,"feuilles, plante entière"
94432,"Daphne laureola L., 1753",Daphne laureola,NA,"feuilles, écorce"
94435,"Daphne mezereum L., 1753",Daphne mezereum,Bois joli,"partie souterraine, fruits, bourgeons, écorce"
94489,"Datura stramonium L., 1753",Datura stramonium,Pomme épineuse,"bourgeons, écorce, feuilles, partie aérienne, fleurs, graines, fruits"
94503,"Daucus carota L., 1753",Daucus carota,Carotte sauvage,"partie aérienne, fleurs, partie souterraine, feuilles, graines, plante entière"
94572,"Delphinium consolida L., 1753",Delphinium consolida,NA,"graines, fleurs, feuilles"
94590,"Delphinium montanum DC., 1815",Delphinium montanum,NA,partie souterraine
94626,"Deschampsia cespitosa (L.) P.Beauv., 1812",Deschampsia cespitosa,NA,partie aérienne
94645,"Descurainia sophia (L.) Webb ex Prantl, 1891",Descurainia sophia,NA,"feuilles, graines, jeunes pousses"
94716,"Dianthus carthusianorum L., 1753",Dianthus carthusianorum,NA,"fleurs, feuilles, partie souterraine"
94923,"Dictamnus albus L., 1753",Dictamnus albus,NA,"feuilles, partie souterraine"
94945,"Digitalis lutea L., 1753",Digitalis lutea,Digitale jaune,feuilles
94959,"Digitalis purpurea L., 1753",Digitalis purpurea,Gant de notre-dame,feuilles
611652,"Dioscorea communis (L.) Caddick & Wilkin, 2002",Dioscorea communis,Tamier commun,"jeunes pousses, partie souterraine"
95136,"Diplotaxis tenuifolia (L.) DC., 1821",Diplotaxis tenuifolia,NA,"plante entière, feuilles"
95149,"Dipsacus fullonum L., 1753",Dipsacus fullonum,Cardère sauvage,"partie souterraine, plante entière, feuilles"
95186,"Dittrichia graveolens (L.) Greuter, 1973",Dittrichia graveolens,NA,partie aérienne
95187,"Dittrichia viscosa (L.) Greuter, 1973",Dittrichia viscosa,NA,partie souterraine
95239,"Doronicum pardalianches L., 1753",Doronicum pardalianches,NA,partie souterraine
95425,"Dracunculus vulgaris Schott, 1832",Dracunculus vulgaris,NA,"fruits, graines, partie souterraine"
95438,"Drosera intermedia Hayne, 1798",Drosera intermedia,NA,partie souterraine
95436,"Drosera anglica Huds., 1778",Drosera longifolia,NA,"fruits, partie souterraine, fleurs"
95442,"Drosera rotundifolia L., 1753",Drosera rotundifolia,NA,"plante entière, fleurs, feuilles"
95461,"Dryas octopetala L., 1753",Dryas octopetala,NA,"feuilles, plante entière"
95567,"Dryopteris filix-mas (L.) Schott, 1834",Dryopteris filix-mas,Fougère mâle,"feuilles, partie souterraine"
611753,"Dysphania ambrosioides (L.) Mosyakin & Clemants, 2002",Dysphania ambrosioides,NA,"feuilles, graines, fleurs, partie aérienne"
611755,"Dysphania botrys (L.) Mosyakin & Clemants, 2002",Dysphania botrys,NA,"plante entière, partie aérienne, fleurs, partie souterraine"
95662,"Ecballium elaterium (L.) A.Rich., 1824",Ecballium elaterium,NA,"plante entière, fruits"
95793,"Echium vulgare L., 1753",Echium vulgare,Vipérine,"feuilles, partie aérienne, fleurs, plante entière"
95806,"Eclipta prostrata (L.) L., 1771",Eclipta prostrata,NA,"feuilles, jeunes pousses, plante entière, partie souterraine"
96046,"Elytrigia repens (L.) Desv. ex Nevski, 1934",Elytrigia repens,Chiendent rampant,"feuilles, partie souterraine, graines, jeunes pousses"
96101,"Ephedra distachya L., 1753",Ephedra distachya,NA,fruits
96180,"Epilobium hirsutum L., 1753",Epilobium hirsutum,NA,feuilles
96208,"Epilobium montanum L., 1753",Epilobium montanum,NA,"partie aérienne, partie souterraine"
96226,"Epilobium palustre L., 1753",Epilobium palustre,NA,"feuilles, jeunes pousses"
96229,"Epilobium parviflorum Schreb., 1771",Epilobium parviflorum,NA,"plante entière, feuilles"
96251,"Epilobium roseum Schreb., 1771",Epilobium roseum,NA,"partie aérienne, partie souterraine"
96271,"Epilobium tetragonum L., 1753",Epilobium tetragonum,NA,"partie aérienne, fruits, partie souterraine, feuilles"
96508,"Equisetum arvense L., 1753",Equisetum arvense,Prêle des champs,"partie aérienne, partie souterraine, jeunes pousses, feuilles, fruits"
96523,"Equisetum hyemale L., 1753",Equisetum hyemale,NA,"partie aérienne, fruits, partie souterraine, jeunes pousses"
96534,"Equisetum palustre L., 1753",Equisetum palustre,Prêle des marais,partie aérienne
96545,"Equisetum sylvaticum L., 1753",Equisetum sylvaticum,NA,"partie aérienne, fruits, partie souterraine, jeunes pousses"
96546,"Equisetum telmateia Ehrh., 1783",Equisetum telmateia,Prêle grande,"jeunes pousses, partie aérienne, feuilles, partie souterraine"
762284,"Equisetum variegatum Schleich. ex F.Weber & D.Mohr, 1807",Equisetum variegatum,NA,"partie aérienne, fruits"
96664,"Erica carnea L., 1753 [nom. cons.]",Erica carnea,NA,"partie aérienne, feuilles, fleurs"
96665,"Erica ciliaris L., 1753",Erica ciliaris,NA,"partie aérienne, feuilles, fleurs"
96667,"Erica cinerea L., 1753",Erica cinerea,Bruyère cendrée,"jeunes pousses, partie aérienne, fleurs, feuilles, bourgeons"
96691,"Erica scoparia L., 1753",Erica scoparia,NA,"partie aérienne, fleurs, feuilles"
96698,"Erica vagans L., 1770 [nom. et typ. cons.]",Erica vagans,NA,"fleurs, partie aérienne"
611688,"Erigeron acris L., 1753",Erigeron acris,NA,"feuilles, partie souterraine"
96749,"Erigeron canadensis L., 1753",Erigeron canadensis,Vergerette du canada,"plante entière, feuilles, graines, partie souterraine, partie aérienne, fleurs"
96895,"Erodium cicutarium (L.) L'Hér., 1789",Erodium cicutarium,NA,"feuilles, partie aérienne, plante entière"
97141,"Eryngium campestre L., 1753",Eryngium campestre,NA,"feuilles, partie souterraine, jeunes pousses"
97185,"Erysimum cheiri (L.) Crantz, 1769",Erysimum cheiri,NA,"fleurs, partie aérienne, graines"
609982,"Euonymus europaeus L., 1753",Euonymus europaeus,Fusain d'europe,"plante entière, fleurs, sève, écorce, partie souterraine, feuilles, bourgeons, graines"
97434,"Eupatorium cannabinum L., 1753",Eupatorium cannabinum,Eupatoire chanvrine,"plante entière, partie aérienne, fleurs, partie souterraine"
97452,"Euphorbia amygdaloides L., 1753",Euphorbia amygdaloides,NA,plante entière
97490,"Euphorbia cyparissias L., 1753",Euphorbia cyparissias,Euphorbe petit cyprès,plante entière
97537,"Euphorbia helioscopia L., 1753",Euphorbia helioscopia,NA,"partie aérienne, graines"
97556,"Euphorbia lathyris L., 1753",Euphorbia lathyris,Euphorbe épurge,"graines, plante entière, fruits"
97601,"Euphorbia palustris L., 1753",Euphorbia palustris,NA,"plante entière, partie aérienne, fleurs"
97776,"Euphrasia nemorosa (Pers.) Wallr., 1815",Euphrasia nemorosa,NA,plante entière
97781,"Euphrasia officinalis L., 1753",Euphrasia officinalis,Euphraise officinale,"plante entière, partie aérienne, fleurs"
97947,"Fagus sylvatica L., 1753",Fagus sylvatica,NA,"bourgeons, fruits, écorce, feuilles, partie aérienne, fleurs"
98020,"Ferula communis L., 1753",Ferula communis,NA,"feuilles, partie souterraine"
98023,"Ferula glauca L., 1753",Ferula glauca,NA,"partie aérienne, partie souterraine"
98651,"Ficaria verna Huds., 1762",Ficaria verna,Ficaire,"feuilles, bourgeons, partie aérienne, partie souterraine, fleurs, plante entière"
98653,"Ficus carica L., 1753",Ficus carica,Figuier,"fruits, bourgeons, partie aérienne, feuilles, sève"
98717,"Filipendula ulmaria (L.) Maxim., 1879",Filipendula ulmaria,Reine des prés,"fleurs, partie aérienne, feuilles, partie souterraine, plante entière"
98718,"Filipendula vulgaris Moench, 1794",Filipendula vulgaris,NA,"feuilles, partie souterraine"
98756,"Foeniculum vulgare Mill., 1768",Foeniculum vulgare,NA,"fleurs, partie aérienne, feuilles, partie souterraine, graines"
98865,"Fragaria vesca L., 1753",Fragaria vesca,Fraisier,"feuilles, fruits"
98887,"Frangula alnus Mill., 1768",Frangula alnus,Bourdaine,"bourgeons, écorce"
98910,"Fraxinus angustifolia Vahl, 1804 [nom. cons.]",Fraxinus angustifolia,NA,fruits
98921,"Fraxinus excelsior L., 1753",Fraxinus excelsior,Frêne commun,"sève, graines, feuilles, bourgeons, écorce"
98933,"Fraxinus ornus L., 1753",Fraxinus ornus,NA,sève
98977,"Fritillaria meleagris L., 1753",Fritillaria meleagris,NA,partie souterraine
99108,"Fumaria officinalis L., 1753",Fumaria officinalis,Fumeterre officinal,"plante entière, partie aérienne, fleurs"
99233,"Galanthus nivalis L., 1753",Galanthus nivalis,Perce-neige,plante entière
99244,"Galatella linosyris (L.) Rchb.f., 1854",Galatella linosyris,NA,plante entière
610594,"Galatella sedifolia (L.) Greuter, 2003",Galatella sedifolia,NA,plante entière
99260,"Galega officinalis L., 1753",Galega officinalis,NA,feuilles
99305,"Galeopsis ladanum L., 1753",Galeopsis ladanum,NA,graines
99329,"Galeopsis segetum Neck., 1770",Galeopsis segetum,NA,"plante entière, fleurs"
99334,"Galeopsis tetrahit L., 1753",Galeopsis tetrahit,Ortie royale,plante entière
99358,"Galinsoga parviflora Cav., 1795",Galinsoga parviflora,NA,"fleurs, feuilles, jeunes pousses, partie aérienne"
99366,"Galium album Mill., 1768",Galium album,NA,"partie souterraine, partie aérienne"
99373,"Galium aparine L., 1753",Galium aparine,"Caille lait, gratteron","plante entière, partie aérienne, feuilles, jeunes pousses"
99473,"Galium mollugo L., 1753",Galium mollugo,Caille lait blanc,"plante entière, feuilles, partie souterraine"
99488,"Galium odoratum (L.) Scop., 1771",Galium odoratum,Aspérule odorante,"plante entière, partie aérienne, fleurs, feuilles"
99494,"Galium palustre L., 1753",Galium palustre,NA,plante entière
99582,"Galium verum L., 1753",Galium verum,Caille lait jaune,"partie aérienne, fleurs, feuilles, plante entière"
99721,"Genista anglica L., 1753",Genista anglica,NA,partie aérienne
99735,"Genista cinerea (Vill.) DC., 1805",Genista cinerea,NA,partie aérienne
99815,"Genista scorpius (L.) DC., 1805",Genista scorpius,NA,jeunes pousses
99828,"Genista tinctoria L., 1753",Genista tinctoria,NA,"plante entière, partie aérienne, fleurs"
99854,"Gentiana acaulis L., 1753",Gentiana acaulis,NA,"plante entière, partie souterraine"
99881,"Gentiana cruciata L., 1753",Gentiana cruciata,NA,partie souterraine
99903,"Gentiana lutea L., 1753",Gentiana lutea,Gentiane,"partie souterraine, plante entière, feuilles, bourgeons, jeunes pousses"
99922,"Gentiana pneumonanthe L., 1753",Gentiana pneumonanthe,Gentiane pneumonanthe,"plante entière, fleurs, partie souterraine"
99929,"Gentiana purpurea L., 1753",Gentiana purpurea,NA,partie souterraine
99953,"Gentiana verna L., 1753",Gentiana verna,NA,partie souterraine
100142,"Geranium robertianum L., 1753",Geranium robertianum,Géranium herbe à robert,"plante entière, partie aérienne, fleurs"
100144,"Geranium rotundifolium L., 1753",Geranium rotundifolium,NA,plante entière
100149,"Geranium sanguineum L., 1753",Geranium sanguineum,NA,plante entière
100208,"Geum montanum L., 1753",Geum montanum,Benoîte des montagnes,partie souterraine
100215,"Geum rivale L., 1753",Geum rivale,NA,partie souterraine
100225,"Geum urbanum L., 1753",Geum urbanum,NA,"feuilles, partie souterraine"
100310,"Glechoma hederacea L., 1753",Glechoma hederacea,Lierre terrestre,feuilles
100335,"Globularia alypum L., 1753",Globularia alypum,NA,partie aérienne
100576,"Gratiola officinalis L., 1753",Gratiola officinalis,NA,"partie souterraine, partie aérienne, fleurs"
100613,"Gymnadenia nigra (L.) Rchb.f., 1856",Gymnadenia nigra,NA,"partie aérienne, partie souterraine"
100787,"Hedera helix L., 1753",Hedera helix,Lierre grimpant,"graines, feuilles, partie aérienne"
100956,"Helianthemum nummularium (L.) Mill., 1768",Helianthemum grandiflorum,NA,"fleurs, feuilles, partie aérienne"
100956,"Helianthemum nummularium (L.) Mill., 1768",Helianthemum nummularium,NA,"fleurs, feuilles, partie aérienne"
101080,"Helichrysum italicum (Roth) G.Don, 1830",Helichrysum italicum,NA,"fleurs, feuilles, partie aérienne"
101101,"Helichrysum stoechas (L.) Moench, 1794",Helichrysum stoechas,NA,"partie aérienne, fleurs"
101144,"Heliotropium europaeum L., 1753",Heliotropium europaeum,NA,"plante entière, feuilles, partie souterraine, graines, fleurs"
101188,"Helleborus foetidus L., 1753",Helleborus foetidus,Hellébore fétide,partie souterraine
101202,"Helleborus viridis L., 1753",Helleborus viridis,NA,partie souterraine
101300,"Heracleum sphondylium L., 1753",Heracleum sphondylium,Berce spondyle,"feuilles, partie souterraine, jeunes pousses, partie aérienne, plante entière, fleurs"
101405,"Herniaria cinerea DC., 1815",Herniaria cinerea,NA,plante entière
101411,"Herniaria glabra L., 1753",Herniaria glabra,NA,"plante entière, fleurs"
101412,"Herniaria hirsuta L., 1753",Herniaria hirsuta,NA,plante entière
101460,"Hesperis matronalis L., 1753",Hesperis matronalis,NA,"feuilles, graines"
102235,"Hieracium murorum L., 1753",Hieracium murorum,NA,feuilles
102671,"Hieracium umbellatum L., 1753",Hieracium umbellatum,NA,feuilles
102863,"Hippophae rhamnoides L., 1753",Hippophae rhamnoides,Argousier,"jeunes pousses, fruits, partie aérienne, feuilles"
103031,"Humulus lupulus L., 1753",Humulus lupulus,Houblon,"feuilles, partie souterraine, jeunes pousses, fruits, partie aérienne, fleurs"
103057,"Hyacinthoides non-scripta (L.) Chouard ex Rothm., 1944",Hyacinthoides non-scripta,NA,partie souterraine
103162,"Hylotelephium telephium (L.) H.Ohba, 1977",Hylotelephium telephium,Sedum reprise,plante entière
103178,"Hyoscyamus albus L., 1753",Hyoscyamus albus,NA,"feuilles, graines, plante entière"
103185,"Hyoscyamus niger L., 1753",Hyoscyamus niger,NA,"feuilles, graines, plante entière"
103245,"Hypericum androsaemum L., 1753",Hypericum androsaemum,NA,feuilles
103308,"Hypericum nummularium L., 1753",Hypericum nummularium,NA,"plante entière, partie aérienne, fleurs, feuilles"
103316,"Hypericum perforatum L., 1753",Hypericum perforatum,Millepertuis,"plante entière, partie aérienne, fleurs, feuilles, fruits"
103320,"Hypericum pulchrum L., 1753",Hypericum pulchrum,NA,"plante entière, partie aérienne, fleurs, feuilles"
103329,"Hypericum tetrapterum Fr., 1823",Hypericum tetrapterum,NA,"partie aérienne, feuilles, fleurs"
103375,"Hypochaeris radicata L., 1753",Hypochaeris radicata,NA,"partie aérienne, feuilles, fleurs"
103406,"Hyssopus officinalis L., 1753",Hyssopus officinalis,Hysope officinal,"plante entière, feuilles, fleurs, jeunes pousses"
103514,"Ilex aquifolium L., 1753",Ilex aquifolium,Houx à feuilles épineuses,"plante entière, fleurs, feuilles, partie souterraine, jeunes pousses, partie aérienne, fruits"
445494,"Impatiens balsamina L., 1753",Impatiens balsamina,Balsamine,"plante entière, jeunes pousses, partie aérienne, fruits, feuilles, graines"
103553,"Impatiens noli-tangere L., 1753 [nom. et typ. cons.]",Impatiens noli-tangere,Impatiente n'y touche pas,"plante entière, feuilles, graines, jeunes pousses"
103578,"Imperatoria ostruthium L., 1753",Imperatoria ostruthium,NA,"feuilles, partie souterraine"
103627,"Inula helenium L., 1753",Inula helenium,Aunée,"partie aérienne, fleurs, partie souterraine, feuilles"
103737,"Iris germanica L., 1753",Iris germanica,Flambe,partie souterraine
103772,"Iris pseudacorus L., 1753",Iris pseudacorus,Iris des marais jaune,"graines, partie souterraine, fleurs"
103817,"Isatis tinctoria L., 1753",Isatis tinctoria,NA,"feuilles, partie souterraine, plante entière"
103985,"Jacobaea adonidifolia (Loisel.) Mérat, 1812",Jacobaea adonidifolia,NA,feuilles
610648,"Jacobaea alpina (L.) Moench, 1794",Jacobaea alpina,NA,feuilles
610642,"Jacobaea incana (L.) Veldkamp, 2006",Jacobaea incana,NA,feuilles
610647,"Jacobaea leucophylla (DC.) Pelser, 2006",Jacobaea leucophylla,NA,feuilles
610643,"Jacobaea maritima (L.) Pelser & Meijden, 2005",Jacobaea maritima,NA,feuilles
610646,"Jacobaea vulgaris Gaertn., 1791",Jacobaea vulgaris,NA,"partie souterraine, partie aérienne, fleurs"
104173,"Juncus effusus L., 1753",Juncus effusus,Jonc commun,"partie souterraine, partie aérienne, feuilles, fruits"
104397,"Juniperus communis L., 1753",Juniperus communis,Genévrier commun,"jeunes pousses, fruits, partie aérienne, feuilles, graines"
104409,"Juniperus oxycedrus L., 1753",Juniperus oxycedrus,Cade,"jeunes pousses, partie aérienne"
104413,"Juniperus sabina L., 1753",Juniperus sabina,Sabine,"feuilles, jeunes pousses"
104419,"Juniperus thurifera L., 1753",Juniperus thurifera,NA,"partie aérienne, fruits, feuilles"
104502,"Kickxia elatine (L.) Dumort., 1827",Kickxia elatine,NA,plante entière
104516,"Knautia arvensis (L.) Coult., 1828",Knautia arvensis,Scabieuse,"partie aérienne, fleurs"
104764,"Lactuca perennis L., 1753",Lactuca perennis,NA,feuilles
104775,"Lactuca serriola L., 1756",Lactuca serriola,NA,"feuilles, jeunes pousses"
104786,"Lactuca viminea (L.) J.Presl & C.Presl, 1819",Lactuca viminea,NA,partie aérienne
104787,"Lactuca virosa L., 1753",Lactuca virosa,NA,feuilles
104854,"Lamium album L., 1753",Lamium album,Lamier blanc,"feuilles, partie aérienne, fleurs, plante entière"
104855,"Lamium amplexicaule L., 1753",Lamium amplexicaule,NA,"plante entière, feuilles"
104876,"Lamium galeobdolon (L.) L., 1759",Lamium galeobdolon,Ortie jaune,"fleurs, feuilles, jeunes pousses, plante entière"
104889,"Lamium maculatum (L.) L., 1763",Lamium maculatum,NA,partie aérienne
104903,"Lamium purpureum L., 1753",Lamium purpureum,Ortie rouge,"feuilles, plante entière"
105017,"Lapsana communis L., 1753",Lapsana communis,Lampsane commune,"plante entière, feuilles, jeunes pousses"
105042,"Larix decidua Mill., 1768",Larix decidua,Mélèze d'europe,"écorce, sève, feuilles, fleurs, jeunes pousses"
105211,"Lathyrus latifolius L., 1753",Lathyrus latifolius,NA,"feuilles, graines"
105266,"Lathyrus sylvestris L., 1753",Lathyrus sylvestris,NA,graines
105295,"Laurus nobilis L., 1753",Laurus nobilis,Laurier noble,"fruits, feuilles, jeunes pousses"
105297,"Lavandula angustifolia Mill., 1768",Lavandula angustifolia,Lavande officinale,"fleurs, feuilles, partie aérienne"
105312,"Lavandula latifolia Medik., 1784",Lavandula latifolia,Lavande aspic,"fleurs, feuilles, partie aérienne"
105321,"Lavandula stoechas L., 1753",Lavandula stoechas,NA,"fleurs, feuilles, partie aérienne"
105427,"Lemna gibba L., 1753",Lemna gibba,NA,feuilles
105431,"Lemna minor L., 1753",Lemna minor,Lentille d'eau,plante entière
611031,"Leontopodium nivale (Ten.) A.L.P.Huet ex Hand.-Mazz., 1927",Leontopodium nivale,NA,partie souterraine
105621,"Lepidium draba L., 1753",Lepidium draba,NA,"feuilles, jeunes pousses, graines"
105817,"Leucanthemum vulgare Lam., 1779",Leucanthemum vulgare,Grande marguerite,"feuilles, partie souterraine, jeunes pousses, plante entière, fleurs"
105966,"Ligustrum vulgare L., 1753",Ligustrum vulgare,Troène,"feuilles, écorce, fruits, partie aérienne, jeunes pousses, fleurs"
105979,"Lilium bulbiferum L., 1753",Lilium bulbiferum,NA,partie souterraine
105989,"Lilium martagon L., 1753",Lilium martagon,Lis martagon,"partie souterraine, plante entière"
106213,"Linaria repens (L.) Mill., 1768",Linaria repens,NA,partie aérienne
106234,"Linaria vulgaris Mill., 1768",Linaria vulgaris,NA,"feuilles, jeunes pousses, plante entière, fleurs"
106288,"Linum catharticum L., 1753",Linum catharticum,NA,plante entière
106396,"Lithospermum officinale L., 1753",Lithospermum officinale,NA,"plante entière, feuilles, graines, partie aérienne, partie souterraine"
106546,"Loncomelos pyrenaicus (L.) Hrouda, 1988",Loncomelos pyrenaicus,NA,partie aérienne
106565,"Lonicera etrusca Santi, 1795",Lonicera etrusca,NA,partie aérienne
106574,"Lonicera nigra L., 1753",Lonicera nigra,"Chèvrefeuille noir, camerisier noir","jeunes pousses, partie aérienne, fleurs"
106581,"Lonicera periclymenum L., 1753",Lonicera periclymenum,NA,"jeunes pousses, partie aérienne, fleurs"
106595,"Lonicera xylosteum L., 1753",Lonicera xylosteum,Chèvrefeuille des haies,"jeunes pousses, partie aérienne, fleurs"
106653,"Lotus corniculatus L., 1753",Lotus corniculatus,Lotier cornicule,"graines, fleurs, partie souterraine, plante entière"
106965,"Lycium barbarum L., 1753",Lycium barbarum,NA,"fruits, feuilles, jeunes pousses, partie souterraine, écorce"
107038,"Lycopus europaeus L., 1753",Lycopus europaeus,Lycope d’Europe,"partie souterraine, partie aérienne, fleurs, feuilles, plante entière"
610909,"Lysimachia arvensis (L.) U.Manns & Anderb., 2009",Lysimachia arvensis,NA,partie aérienne
107073,"Lysimachia nummularia L., 1753",Lysimachia nummularia,NA,"partie aérienne, fleurs, plante entière, feuilles"
107090,"Lysimachia vulgaris L., 1753",Lysimachia vulgaris,Lysimaque vulgaire,"feuilles, plante entière"
107117,"Lythrum salicaria L., 1753",Lythrum salicaria,Salicaire,"partie aérienne, fleurs, feuilles, partie souterraine"
107217,"Malus sylvestris (L.) Mill., 1768",Malus sylvestris,NA,"fruits, feuilles, partie souterraine"
107224,"Malva alcea L., 1753",Malva alcea,NA,"fleurs, feuilles, graines"
107282,"Malva moschata L., 1753",Malva moschata,NA,"fleurs, feuilles, graines, plante entière"
107318,"Malva sylvestris L., 1753",Malva sylvestris,Mauve silvestre,"fleurs, feuilles, graines, plante entière"
107397,"Marrubium vulgare L., 1753",Marrubium vulgare,Marrube blanc,"plante entière, partie aérienne, fleurs, partie souterraine"
107440,"Matricaria chamomilla L., 1753",Matricaria chamomilla,Matricaire camomille,"plante entière, partie aérienne, fleurs"
107446,"Matricaria discoidea DC., 1838",Matricaria discoidea,NA,"feuilles, fleurs, partie aérienne"
107786,"Melampyrum arvense L., 1753",Melampyrum arvense,Mélampyre des champs,"graines, plante entière"
107886,"Melilotus albus Medik., 1787",Melilotus albus,Mélilot blanc,"plante entière, fleurs, feuilles, graines, jeunes pousses"
107992,"Melissa officinalis L., 1753",Melissa officinalis,Mélisse,"feuilles, partie aérienne"
108003,"Melittis melissophyllum L., 1753",Melittis melissophyllum,Mélitte à feuilles de mélisse,plante entière
108027,"Mentha aquatica L., 1753",Mentha aquatica,Menthe aquatique,"feuilles, plante entière"
108029,"Mentha arvensis L., 1753",Mentha arvensis,Menthe des champs,"plante entière, feuilles"
108103,"Mentha longifolia (L.) Huds., 1762",Mentha longifolia,NA,"plante entière, feuilles"
108138,"Mentha pulegium L., 1753",Mentha pulegium,Menthe pouliot,"plante entière, feuilles"
108168,"Mentha suaveolens Ehrh., 1792",Mentha suaveolens,NA,"plante entière, feuilles"
108345,"Menyanthes trifoliata L., 1753",Menyanthes trifoliata,Trèfle d'eau,"plante entière, feuilles, partie souterraine"
108351,"Mercurialis annua L., 1753",Mercurialis annua,Mercuriale annuelle,"plante entière, feuilles"
108361,"Mercurialis perennis L., 1753",Mercurialis perennis,Mercuriale vivace,plante entière
108454,"Meum athamanticum Jacq., 1776",Meum athamanticum,NA,"partie souterraine, feuilles"
108996,"Myosotis arvensis (L.) Hill, 1764",Myosotis arvensis,Myosotis des champs,plante entière
109104,"Myosotis sylvatica Hoffm., 1791",Myosotis sylvatica,Myosotis des bois,plante entière
124970,"Stellaria aquatica (L.) Scop., 1771",Myosoton aquaticum,NA,plante entière
109130,"Myrica gale L., 1753",Myrica gale,NA,"feuilles, partie aérienne, fruits"
109161,"Myrrhis odorata (L.) Scop., 1771",Myrrhis odorata,NA,"feuilles, partie souterraine, graines, plante entière"
109186,"Myrtus communis L., 1753",Myrtus communis,NA,"fleurs, fruits, feuilles"
109291,"Narcissus poeticus L., 1753",Narcissus poeticus,NA,"fleurs, partie souterraine"
109297,"Narcissus pseudonarcissus L., 1753",Narcissus pseudonarcissus,Narcisse faux narcisse,"plante entière, fleurs, partie souterraine, feuilles"
109422,"Nasturtium officinale W.T.Aiton, 1812",Nasturtium officinale,NA,"feuilles, graines"
109506,"Neottia nidus-avis (L.) Rich., 1817",Neottia nidus-avis,Néottie nid d'oiseau,plante entière
109620,"Nigella arvensis L., 1753",Nigella arvensis,NA,graines
109625,"Nigella damascena L., 1753",Nigella damascena,NA,graines
109732,"Nuphar lutea (L.) Sm., 1809",Nuphar lutea,NA,"feuilles, partie souterraine, graines"
109735,"Nuphar pumila (Timm) DC., 1821",Nuphar pumila,NA,"feuilles, partie souterraine, graines"
109750,"Nymphaea alba L., 1753",Nymphaea alba,NA,"partie souterraine, graines, feuilles"
109861,"Oenanthe aquatica (L.) Poir., 1798",Oenanthe aquatica,NA,"fruits, partie souterraine"
109911,"Oenothera biennis L., 1753",Oenothera biennis,Onagre bisannuelle,"plante entière, feuilles, fleurs, partie souterraine, graines, jeunes pousses"
110211,"Ononis natrix L., 1753",Ononis natrix,NA,"partie aérienne, partie souterraine, fleurs"
110236,"Ononis spinosa L., 1753 [nom. et typ. cons.]",Ononis spinosa,Bugrane arrête-boeuf,"fleurs, fruits, partie souterraine, jeunes pousses, plante entière, feuilles"
110244,"Onopordum acanthium L., 1753",Onopordum acanthium,Chardon aux ânes,"plante entière, fleurs, feuilles, partie aérienne, graines, partie souterraine"
110914,"Orchis mascula (L.) L., 1755",Orchis mascula,NA,partie souterraine
111289,"Origanum vulgare L., 1753",Origanum vulgare,Origan vulgaire,"plante entière, fleurs, feuilles, partie aérienne"
111391,"Ornithogalum umbellatum L., 1753",Ornithogalum umbellatum,NA,"fleurs, partie souterraine"
111771,"Orthilia secunda (L.) House, 1921",Orthilia secunda,NA,"graines, partie souterraine, feuilles"
111815,"Osmunda regalis L., 1753",Osmunda regalis,Osmonde royale,"partie souterraine, feuilles, partie aérienne"
111859,"Oxalis acetosella L., 1753",Oxalis acetosella,Oxalis petite oseille,"plante entière, fleurs, feuilles"
717359,"Oxybasis glauca (L.) S.Fuentes, Uotila & Borsch, 2012",Oxybasis glauca,NA,"feuilles, graines, jeunes pousses"
111974,"Oxytropis campestris (L.) DC., 1802",Oxytropis campestris,NA,partie souterraine
112042,"Paeonia officinalis L., 1753",Paeonia officinalis,NA,"fleurs, graines, partie souterraine"
112061,"Paliurus spina-christi Mill., 1768",Paliurus spina-christi,NA,fruits
112303,"Papaver dubium L., 1753",Papaver dubium,NA,"fleurs, feuilles, graines"
112355,"Papaver rhoeas L., 1753",Papaver rhoeas,Coquelicot,"fleurs, feuilles, graines, plante entière"
112410,"Parietaria judaica L., 1756",Parietaria judaica,NA,"feuilles, jeunes pousses, plante entière, fleurs"
112413,"Parietaria officinalis L., 1753",Parietaria officinalis,Pariétaire,"feuilles, jeunes pousses, plante entière, fleurs"
112421,"Paris quadrifolia L., 1753",Paris quadrifolia,Parisette à quatre feuilles,"plante entière, fleurs, graines, fruits"
112426,"Parnassia palustris L., 1753",Parnassia palustris,NA,plante entière
112467,"Parthenocissus tricuspidata (Siebold & Zucc.) Planch., 1887",Parthenocissus tricuspidata,NA,sève
112550,"Pastinaca sativa L., 1753",Pastinaca sativa,Panais,"feuilles, partie souterraine, graines, jeunes pousses"
112590,"Pedicularis palustris L., 1753",Pedicularis palustris,NA,"partie aérienne, partie souterraine, plante entière"
112601,"Pedicularis sylvatica L., 1753",Pedicularis sylvatica,NA,"partie aérienne, partie souterraine, plante entière"
112739,"Persicaria hydropiper (L.) Spach, 1841",Persicaria hydropiper,NA,"feuilles, graines, partie aérienne, plante entière, partie souterraine"
112745,"Persicaria maculosa Gray, 1821 [nom. cons.]",Persicaria maculosa,NA,"feuilles, jeunes pousses, plante entière"
112783,"Petasites hybridus (L.) G.Gaertn., B.Mey. & Scherb., 1801",Petasites hybridus,NA,"partie souterraine, feuilles"
113221,"Phleum pratense L., 1753",Phleum pratense,NA,fleurs
113260,"Phragmites australis (Cav.) Trin. ex Steud., 1840",Phragmites australis,Roseau à balai,"feuilles, partie souterraine, graines, plante entière, jeunes pousses, partie aérienne"
113321,"Physalis alkekengi L., 1753",Physalis alkekengi,NA,"fruits, feuilles, partie aérienne"
113418,"Phytolacca americana L., 1753",Phytolacca americana,NA,"fruits, feuilles, jeunes pousses, partie souterraine"
113432,"Picea abies (L.) H.Karst., 1881",Picea abies,Epicéa,"fleurs, écorce, graines, bourgeons, sève, partie aérienne"
113525,"Pilosella officinarum F.W.Schultz & Sch.Bip., 1862",Pilosella officinarum,Piloselle épervière,"plante entière, fleurs"
113579,"Pimpinella major (L.) Huds., 1762",Pimpinella major,NA,"partie souterraine, feuilles, graines"
113596,"Pimpinella saxifraga L., 1753",Pimpinella saxifraga,NA,"partie souterraine, feuilles, graines"
113651,"Pinus cembra L., 1753",Pinus cembra,NA,"graines, sève, feuilles"
113665,"Pinus halepensis Mill., 1768",Pinus halepensis,NA,"sève, feuilles"
113682,"Pinus mugo Turra, 1764",Pinus mugo,Pin de montagne,"bourgeons, sève, feuilles"
113689,"Pinus pinaster Aiton, 1789",Pinus pinaster,Pin maritime,"sève, feuilles, bourgeons"
113690,"Pinus pinea L., 1753",Pinus pinea,NA,"graines, sève, feuilles"
113703,"Pinus sylvestris L., 1753",Pinus sylvestris,Pin sylvestre,"écorce, sève, feuilles, bourgeons"
113744,"Pistacia lentiscus L., 1753",Pistacia lentiscus,NA,"sève, graines, feuilles"
113804,"Plantago afra L., 1762",Plantago afra,Psyllium,"graines, partie aérienne"
113809,"Plantago arenaria Waldst. & Kit., 1802",Plantago arenaria,NA,"feuilles, graines"
113842,"Plantago coronopus L., 1753",Plantago coronopus,NA,"feuilles, graines"
113893,"Plantago lanceolata L., 1753",Plantago lanceolata,Plantain lanceolé,"graines, feuilles, plante entière"
113904,"Plantago major L., 1753",Plantago major,Grand plantain,"feuilles, partie souterraine, graines, plante entière"
113924,"Plantago ovata Forssk., 1775",Plantago ovata,NA,"feuilles, graines"
113957,"Plantago sempervirens Crantz, 1766",Plantago sempervirens,NA,feuilles
114080,"Plumbago europaea L., 1753",Plumbago europaea,NA,"plante entière, partie souterraine"
114595,"Polygala vulgaris L., 1753 [nom. et typ. cons.]",Polygala vulgaris,NA,"feuilles, partie souterraine, partie aérienne"
114611,"Polygonatum multiflorum (L.) All., 1785",Polygonatum multiflorum,NA,"feuilles, partie souterraine, jeunes pousses, fleurs"
114612,"Polygonatum odoratum (Mill.) Druce, 1906",Polygonatum odoratum,NA,"feuilles, partie souterraine, jeunes pousses"
114658,"Polygonum aviculare L., 1753",Polygonum aviculare,Renouée des oiseaux,"feuilles, graines, plante entière"
115016,"Polypodium vulgare L., 1753",Polypodium vulgare,Polypode vulgaire,partie souterraine
115110,"Populus alba L., 1753",Populus alba,Peuplier blanc,"écorce, feuilles, bourgeons"
115145,"Populus nigra L., 1753",Populus nigra,Peuplier noir,"bourgeons, fleurs, écorce, feuilles"
115156,"Populus tremula L., 1753",Populus tremula,Peuplier tremble,"écorce, fleurs, bourgeons"
115215,"Portulaca oleracea L., 1753",Portulaca oleracea,Pourpier,"feuilles, graines, plante entière"
115280,"Potamogeton natans L., 1753",Potamogeton natans,NA,"partie souterraine, partie aérienne"
115407,"Potentilla argentea L., 1753",Potentilla argentea,NA,plante entière
115470,"Potentilla erecta (L.) Raeusch., 1797",Potentilla erecta,Potentille tormentille,"plante entière, partie souterraine"
115624,"Potentilla reptans L., 1753",Potentilla reptans,NA,"feuilles, partie souterraine"
115789,"Poterium sanguisorba L., 1753",Poterium sanguisorba,Pimprenelle,plante entière
115813,"Prenanthes purpurea L., 1753",Prenanthes purpurea,NA,feuilles
115865,"Primula elatior (L.) Hill, 1765",Primula elatior,NA,"feuilles, partie souterraine"
115868,"Primula farinosa L., 1753",Primula farinosa,NA,"partie souterraine, fleurs, feuilles"
115918,"Primula veris L., 1753",Primula veris,Primevère officinale,"fleurs, feuilles, partie souterraine, plante entière"
116012,"Prunella vulgaris L., 1753",Prunella vulgaris,NA,"feuilles, plante entière, fleurs, partie aérienne"
116043,"Prunus avium (L.) L., 1755",Prunus avium,Merisier,"fruits, graines, sève, bourgeons, fleurs"
116089,"Prunus laurocerasus L., 1753",Prunus laurocerasus,Laurier cerise,"fruits, graines, feuilles"
116096,"Prunus mahaleb L., 1753",Prunus mahaleb,NA,"fruits, graines, feuilles"
116109,"Prunus padus L., 1753",Prunus padus,NA,"fleurs, fruits, feuilles, graines, écorce"
116142,"Prunus spinosa L., 1753",Prunus spinosa,Prunelier,"fleurs, fruits, graines, feuilles, écorce, partie aérienne, bourgeons, jeunes pousses"
116216,"Pseudotsuga menziesii (Mirb.) Franco, 1950",Pseudotsuga menziesii,NA,"écorce, sève, bourgeons, feuilles"
116265,"Pteridium aquilinum (L.) Kuhn, 1879",Pteridium aquilinum,Fougère aigle,"feuilles, partie souterraine, jeunes pousses, partie aérienne"
116392,"Pulicaria dysenterica (L.) Bernh., 1800",Pulicaria dysenterica,NA,"feuilles, partie souterraine"
116407,"Pulmonaria affinis Jord., 1854",Pulmonaria affinis,Pulmonaire,"partie aérienne, fleurs"
116412,"Pulmonaria australis (Murr) W.Sauer, 1975",Pulmonaria angustifolia,NA,feuilles
116416,"Pulmonaria longifolia (Bastard) Boreau, 1857",Pulmonaria longifolia,NA,feuilles
116422,"Pulmonaria officinalis L., 1753",Pulmonaria officinalis,Pulmonaire,"plante entière, feuilles, fleurs, partie souterraine"
116547,"Pyrola rotundifolia L., 1753",Pyrola rotundifolia,NA,feuilles
116574,"Pyrus communis L., 1753",Pyrus communis,Poirier commun,"fruits, feuilles, bourgeons, fleurs"
116704,"Quercus ilex L., 1753 [nom. et typ. cons. prop.]",Quercus ilex,Chêne vert,"bourgeons, graines"
521658,"Quercus petraea (Matt.) Liebl., 1784",Quercus petraea,NA,"écorce, fleurs, feuilles, graines"
116751,"Quercus pubescens Willd., 1796 [nom. et typ. cons.]",Quercus pubescens,Chêne pubescent,"fruits, feuilles, écorce"
116754,"Quercus pyrenaica Willd., 1805",Quercus pyrenaica,NA,"feuilles, écorce, fruits"
116759,"Quercus robur L., 1753",Quercus robur,Chêne pédonculé,"écorce, bourgeons, partie souterraine, fruits, feuilles"
116876,"Ramonda myconi (L.) Rchb., 1831",Ramonda myconi,NA,feuilles
116903,"Ranunculus acris L., 1753",Ranunculus acris,Bouton d'or renonculé acr.,"feuilles, plante entière, fleurs"
116952,"Ranunculus bulbosus L., 1753",Ranunculus bulbosus,NA,"feuilles, partie souterraine, plante entière"
117125,"Ranunculus montanus Willd., 1799",Ranunculus montanus,NA,plante entière
117201,"Ranunculus repens L., 1753",Ranunculus repens,NA,"feuilles, partie souterraine"
117224,"Ranunculus sceleratus L., 1753",Ranunculus sceleratus,NA,"feuilles, plante entière"
117459,"Reseda luteola L., 1753",Reseda luteola,NA,graines
117503,"Reynoutria japonica Houtt., 1777",Reynoutria japonica,NA,"feuilles, partie souterraine, graines, jeunes pousses, partie aérienne"
117530,"Rhamnus cathartica L., 1753",Rhamnus cathartica,Nerprun purgatif,"bourgeons, fruits, écorce, jeunes pousses"
117668,"Rhodiola rosea L., 1753",Rhodiola rosea,NA,"feuilles, partie souterraine, graines, jeunes pousses, partie aérienne"
117679,"Rhododendron ferrugineum L., 1753",Rhododendron ferrugineum,NA,"fleurs, feuilles"
117712,"Rhus coriaria L., 1753",Rhus coriaria,NA,"feuilles, graines, écorce, bourgeons"
117774,"Ribes rubrum L., 1753",Ribes rubrum,Groseiller sauvage,"bourgeons, feuilles, fruits"
117787,"Ribes uva-crispa L., 1753",Ribes uva-crispa,NA,"fruits, feuilles"
117806,"Ricinus communis L., 1753",Ricinus communis,NA,"graines, feuilles, partie souterraine"
118016,"Rosa arvensis Huds., 1762",Rosa arvensis,NA,fruits
118073,"Rosa canina L., 1753",Rosa canina,Eglantier,"bourgeons, jeunes pousses, fleurs, fruits, graines"
118397,"Rosa pendulina L., 1753",Rosa pendulina,NA,"fruits, graines"
118916,"Rubia peregrina L., 1753",Rubia peregrina,NA,partie souterraine
118920,"Rubia tinctorum L., 1753",Rubia tinctorum,NA,partie souterraine
119097,"Rubus fruticosus L., 1753 [nom. et typ. cons.]",Rubus fruticosus,Ronce,"fruits, feuilles, partie souterraine, jeunes pousses, partie aérienne"
119149,"Rubus idaeus L., 1753",Rubus idaeus,Framboisier,"fruits, feuilles, partie souterraine, jeunes pousses, partie aérienne"
119418,"Rumex acetosa L., 1753 [nom. et typ. cons.]",Rumex acetosa,Rumex oseille,"fleurs, feuilles, partie souterraine, graines, plante entière"
119419,"Rumex acetosella L., 1753",Rumex acetosella,Rumex petite oseille,"feuilles, partie souterraine, graines, plante entière"
119435,"Rumex alpinus L., 1753 [nom. et typ. cons.]",Rumex alpinus,NA,"feuilles, partie souterraine"
119473,"Rumex crispus L., 1753",Rumex crispus,Rumex crépu,"feuilles, graines, partie souterraine"
119550,"Rumex obtusifolius L., 1753",Rumex obtusifolius,Rumex à feuilles obtuses,"feuilles, graines, partie aérienne, partie souterraine, plante entière"
119558,"Rumex patientia L., 1753",Rumex patientia,NA,"feuilles, partie souterraine"
119698,"Ruscus aculeatus L., 1753",Ruscus aculeatus,Petit houx,"jeunes pousses, partie aérienne, graines, partie souterraine, plante entière"
119860,"Sagittaria sagittifolia L., 1753",Sagittaria sagittifolia,NA,"feuilles, partie souterraine"
119881,"Salicornia europaea L., 1753","Salicornia spp.,",NA,"feuilles, graines, jeunes pousses, partie aérienne"
119883,"Salicornia fruticosa (L.) L., 1762","Salicornia spp.,",NA,"partie aérienne, feuilles"
119892,"Salicornia perennis Mill., 1768","Salicornia spp.,",NA,"partie aérienne, feuilles"
119915,"Salix alba L., 1753 [nom. et typ. cons.]",Salix alba,Saule blanc,"écorce, feuilles, bourgeons, fleurs"
119977,"Salix caprea L., 1753",Salix caprea,Saule marsault,"écorce, feuilles, bourgeons, sève, fleurs"
120135,"Salix myrsinifolia Salisb., 1796",Salix myrsinifolia,NA,"écorce, bourgeons, partie aérienne, feuilles, fleurs"
120189,"Salix purpurea L., 1753",Salix purpurea,Saule pourpre,"écorce, feuilles, bourgeons"
120642,"Salvia fruticosa Mill., 1768",Salvia fruticosa,NA,"graines, feuilles"
120643,"Salvia glutinosa L., 1753",Salvia glutinosa,NA,partie aérienne
120678,"Salvia officinalis L., 1753",Salvia officinalis,Sauge officinale,"partie aérienne, fleurs, feuilles"
120685,"Salvia pratensis L., 1753",Salvia pratensis,Sauge des prés,partie aérienne
120712,"Sambucus ebulus L., 1753",Sambucus ebulus,Sureau hièble,"fruits, feuilles, partie aérienne, fleurs, jeunes pousses"
120717,"Sambucus nigra L., 1753",Sambucus nigra,Sureau noir,"fleurs, fruits, feuilles, partie aérienne, jeunes pousses"
120720,"Sambucus racemosa L., 1753",Sambucus racemosa,Sureau rouge,"fleurs, fruits, partie souterraine, écorce, partie aérienne, bourgeons"
120758,"Sanguisorba officinalis L., 1753",Sanguisorba officinalis,Sanguisorbe officinal,"feuilles, fleurs, partie souterraine, plante entière"
120772,"Sanicula europaea L., 1753",Sanicula europaea,NA,"feuilles, jeunes pousses"
120785,"Santolina chamaecyparissus L., 1753",Santolina chamaecyparissus,Santoline blanche,"plante entière, partie aérienne, fleurs, feuilles"
120786,"Santolina corsica Jord. & Fourr., 1869",Santolina corsica,NA,partie souterraine
120823,"Saponaria ocymoides L., 1753",Saponaria ocymoides,NA,plante entière
120824,"Saponaria officinalis L., 1753",Saponaria officinalis,Saponaire officinale,"plante entière, partie aérienne, fleurs, partie souterraine"
120908,"Satureja montana L., 1753",Satureja montana,Sariette des montagnes,"plante entière, feuilles, partie aérienne"
121065,"Saxifraga granulata L., 1753",Saxifraga granulata,Saxifrage granule,plante entière
121334,"Scabiosa columbaria L., 1753",Scabiosa columbaria,Scabieuse,"plante entière, feuilles"
121449,"Scandix pecten-veneris L., 1753",Scandix pecten-veneris,NA,partie aérienne
121606,"Scilla bifolia L., 1753",Scilla bifolia,Scille à 2 feuilles,partie souterraine
121823,"Scleranthus annuus L., 1753",Scleranthus annuus,NA,"fleurs, partie aérienne"
121999,"Scrophularia auriculata L., 1753 [nom. et typ. cons.]",Scrophularia auriculata,NA,"partie aérienne, feuilles"
122028,"Scrophularia nodosa L., 1753",Scrophularia nodosa,Scrofulaire noueuse,"plante entière, partie aérienne, fleurs, partie souterraine, feuilles"
122069,"Scutellaria galericulata L., 1753",Scutellaria galericulata,NA,plante entière
122101,"Sedum acre L., 1753",Sedum acre,Sedum acre,"plante entière, feuilles"
122106,"Sedum album L., 1753",Sedum album,Sedum blanc,"plante entière, feuilles"
122140,"Sedum cepaea L., 1753",Sedum cepaea,NA,"partie aérienne, feuilles"
122243,"Sedum rubens L., 1753",Sedum rubens,Sedum rougeâtre,"partie aérienne, feuilles"
112816,"Petrosedum rupestre (L.) P.V.Heath, 1987",Sedum rupestre,Sedum réfléchi,"partie aérienne, feuilles, plante entière"
122419,"Sempervivum arachnoideum L., 1753",Sempervivum arachnoideum,NA,feuilles
122467,"Sempervivum montanum L., 1753",Sempervivum montanum,NA,feuilles
122493,"Sempervivum tectorum L., 1753",Sempervivum tectorum,Joubarde des toits,"plante entière, feuilles, jeunes pousses"
122593,"Senecio doronicum (L.) L., 1759",Senecio doronicum,NA,plante entière
122675,"Senecio ovatus (G.Gaertn., B.Mey. & Scherb.) Willd., 1803",Senecio ovatus,Seneçon de fuchs,plante entière
122714,"Senecio sarracenicus L., 1753 [nom. et typ. cons.]",Senecio sarracenicus,NA,plante entière
122726,"Senecio sylvaticus L., 1753",Senecio sylvaticus,NA,plante entière
122745,"Senecio vulgaris L., 1753",Senecio vulgaris,NA,"plante entière, feuilles"
122971,"Serratula tinctoria L., 1753",Serratula tinctoria,Sariette des teinturiers,"plante entière, feuilles, fleurs"
123258,"Sideritis hyssopifolia L., 1753",Sideritis hyssopifolia,NA,"fleurs, partie aérienne"
123683,"Silene vulgaris (Moench) Garcke, 1869",Silene vulgaris,Silène,"feuilles, jeunes pousses, plante entière"
123705,"Silybum marianum (L.) Gaertn., 1791",Silybum marianum,NA,"fleurs, fruits, partie aérienne, partie souterraine"
123711,"Sinapis alba L., 1753",Sinapis alba,NA,"feuilles, graines"
123713,"Sinapis arvensis L., 1753",Sinapis arvensis,Moutarde des champs,"plante entière, fruits, fleurs, feuilles, graines, jeunes pousses"
123863,"Sisymbrium officinale (L.) Scop., 1772",Sisymbrium officinale,Herbe aux chantres,"plante entière, feuilles, graines, jeunes pousses"
124034,"Solanum dulcamara L., 1753",Solanum dulcamara,"Morelle, douce-amère","jeunes pousses, feuilles, partie aérienne, fleurs, partie souterraine"
124080,"Solanum nigrum L., 1753",Solanum nigrum,Morelle noire,"plante entière, fruits, feuilles, jeunes pousses"
124139,"Soldanella alpina L., 1753",Soldanella alpina,NA,partie souterraine
124164,"Solidago canadensis L., 1753",Solidago canadensis,NA,"feuilles, graines, fleurs"
124168,"Solidago gigantea Aiton, 1789",Solidago gigantea,NA,"feuilles, fleurs"
124205,"Solidago virgaurea L., 1753",Solidago virgaurea,Solidage verge d'or,"partie aérienne, fleurs, feuilles, graines, plante entière"
124232,"Sonchus arvensis L., 1753",Sonchus arvensis,NA,"feuilles, partie souterraine, partie aérienne"
124233,"Sonchus asper (L.) Hill, 1769",Sonchus asper,NA,"feuilles, partie aérienne"
124308,"Sorbus aucuparia L., 1753",Sorbus aucuparia,Sorbier des oiseleurs,"bourgeons, fruits, feuilles, écorce, graines, partie aérienne"
92488,"Cormus domestica (L.) Spach, 1834",Sorbus domestica,Sorbier cormier,"bourgeons, fruits"
124453,"Spartium junceum L., 1753",Spartium junceum,Genêt d'espagne,"jeunes pousses, partie aérienne, fleurs, graines"
124499,"Spergula arvensis L., 1753",Spergula arvensis,NA,"feuilles, graines"
124578,"Spergularia rubra (L.) J.Presl & C.Presl, 1819",Spergula rubra,NA,"graines, feuilles"
124741,"Stachys annua (L.) L., 1763",Stachys annua,NA,partie aérienne
124744,"Stachys arvensis (L.) L., 1763",Stachys arvensis,Epiaire des champs,plante entière
124798,"Stachys palustris L., 1753",Stachys palustris,NA,"feuilles, partie souterraine, graines, jeunes pousses"
124814,"Stachys sylvatica L., 1753",Stachys sylvatica,NA,partie aérienne
124848,"Staphisagria macrosperma Spach, 1838",Staphisagria macrosperma,NA,graines
999933,"Rabelera holostea (L.) M.T.Sharples & E.A.Tripp, 2019",Stellaria holostea,NA,feuilles
125014,"Stellaria media (L.) Vill., 1789",Stellaria media,Mouron des oiseaux,"plante entière, feuilles, graines"
125295,"Succisa pratensis Moench, 1794",Succisa pratensis,Scabieuse succise,"feuilles, jeunes pousses, plante entière"
125324,"Symphoricarpos albus (L.) S.F.Blake, 1914",Symphoricarpos albus,NA,"fruits, feuilles, partie souterraine, plante entière"
125343,"Symphytum bulbosum K.F.Schimp., 1825",Symphytum bulbosum,NA,feuilles
125355,"Symphytum officinale L., 1753",Symphytum officinale,Consoude,"partie souterraine, feuilles, partie aérienne, fleurs, jeunes pousses"
125426,"Tamarix gallica L., 1753",Tamarix gallica,Tamaris,"sève, partie aérienne, feuilles, jeunes pousses, fleurs"
125469,"Tanacetum parthenium (L.) Sch.Bip., 1844",Tanacetum parthenium,Grande camomille,"feuilles, partie aérienne, fleurs, plante entière"
125474,"Tanacetum vulgare L., 1753",Tanacetum vulgare,Tanaisie vulgaire,"jeunes pousses, feuilles, fruits, partie aérienne, fleurs"
125568,"Taraxacum dens-leonis Desf., 1799",Taraxacum dens-leonis,Pissenlit,"plante entière, fleurs, feuilles, partie souterraine"
717630,"Taraxacum officinale F.H.Wigg., 1780",Taraxacum officinale,NA,"plante entière, fleurs, feuilles, partie souterraine"
125816,"Taxus baccata L., 1753",Taxus baccata,If,"fruits, feuilles, jeunes pousses, partie aérienne"
125981,"Teucrium chamaedrys L., 1753",Teucrium chamaedrys,NA,plante entière
126006,"Teucrium marum L., 1753",Teucrium marum,NA,plante entière
126008,"Teucrium montanum L., 1753",Teucrium montanum,NA,partie aérienne
126019,"Teucrium polium L., 1753",Teucrium polium,NA,plante entière
126035,"Teucrium scorodonia L., 1753",Teucrium scorodonia,Sauge des bois,"feuilles, fleurs, partie aérienne"
126552,"Thymus nitens Lamotte, 1881",Thymus nitens,NA,"feuilles, partie aérienne"
126573,"Thymus serpyllum L., 1753",Thymus serpyllum,Thym serpolet,"partie aérienne, fleurs, feuilles, graines"
126582,"Thymus vulgaris L., 1753",Thymus vulgaris,Thym vulgaire,"fleurs, feuilles, jeunes pousses, partie aérienne"
126628,"Tilia cordata Mill., 1768",Tilia cordata,Tilleul à petites feuilles,"fleurs, feuilles, écorce, bourgeons, sève"
126650,"Tilia platyphyllos Scop., 1771 [nom. et typ. cons.]",Tilia platyphyllos,Tilleul à grandes feuilles,"fleurs, feuilles, écorce, bourgeons, sève"
127029,"Tragopogon pratensis L., 1753",Tragopogon pratensis,Salsifis,"plante entière, feuilles, partie souterraine, jeunes pousses, partie aérienne, fleurs"
127131,"Tribulus terrestris L., 1753",Tribulus terrestris,NA,"fruits, feuilles, jeunes pousses, fleurs, graines"
127219,"Trifolium alpinum L., 1753",Trifolium alpinum,NA,partie souterraine
127230,"Trifolium arvense L., 1753",Trifolium arvense,Trèfle des champs,plante entière
127439,"Trifolium pratense L., 1753",Trifolium pratense,NA,"fleurs, feuilles, partie souterraine, graines, plante entière"
107887,"Melilotus altissimus Thuill., 1799",Trigonella altissima,NA,"feuilles, graines, jeunes pousses"
107942,"Melilotus officinalis (L.) Lam., 1779",Trigonella officinalis,Mélilot officinal,"fleurs, feuilles, partie souterraine, graines, plante entière"
127872,"Trollius europaeus L., 1753",Trollius europaeus,NA,"plante entière, partie souterraine"
128042,"Tussilago farfara L., 1753",Tussilago farfara,Tussilage,"plante entière, fleurs, feuilles"
128077,"Typha latifolia L., 1753",Typha latifolia,Massette à feuilles larges,"plante entière, fleurs, feuilles, graines, jeunes pousses, partie aérienne"
128175,"Ulmus minor Mill., 1768",Ulmus minor,Orme des champs,"bourgeons, écorce"
128215,"Umbilicus rupestris (Salisb.) Dandy, 1948",Umbilicus rupestris,NA,feuilles
128268,"Urtica dioica L., 1753",Urtica dioica,Ortie piquante,"plante entière, feuilles, partie aérienne, partie souterraine"
128298,"Urtica urens L., 1753",Urtica urens,Ortie brûlante,"plante entière, feuilles, partie aérienne"
128345,"Vaccinium myrtillus L., 1753",Vaccinium myrtillus,"Airelle, myrtille","jeunes pousses, fruits, feuilles, partie aérienne, bourgeons, fleurs"
128355,"Vaccinium vitis-idaea L., 1753",Vaccinium vitis-idaea,"Airelle rouge, vigne du mont-ida","jeunes pousses, fruits, feuilles"
128391,"Valeriana celtica L., 1753",Valeriana celtica,NA,partie souterraine
128416,"Valeriana montana L., 1753",Valeriana montana,NA,partie aérienne
128419,"Valeriana officinalis L., 1753",Valeriana officinalis,Valériane officinale,"partie souterraine, partie aérienne, fleurs, graines"
128476,"Valerianella locusta (L.) Laterr., 1821",Valerianella locusta,Mâche,"fleurs, feuilles, partie aérienne, plante entière"
128520,"Veratrum album L., 1753",Veratrum album,Héllébore blanc vavaire,partie souterraine
128567,"Verbascum densiflorum Bertol., 1810",Verbascum densiflorum,NA,"plante entière, fleurs, feuilles"
128615,"Verbascum nigrum L., 1753",Verbascum nigrum,Molène noire,"plante entière, fleurs, feuilles"
128660,"Verbascum thapsus L., 1753",Verbascum thapsus,Bouillon blanc,"plante entière, fleurs, feuilles"
128754,"Verbena officinalis L., 1753",Verbena officinalis,Verveine officinale,"plante entière, fleurs, partie aérienne, feuilles"
128808,"Veronica beccabunga L., 1753",Veronica beccabunga,NA,"feuilles, plante entière"
128832,"Veronica chamaedrys L., 1753",Veronica chamaedrys,Véronique petit chêne,"feuilles, plante entière"
128938,"Veronica officinalis L., 1753",Veronica officinalis,NA,"plante entière, partie aérienne, fleurs"
129083,"Viburnum lantana L., 1753",Viburnum lantana,Viorne lantane,"fruits, bourgeons, écorce"
129087,"Viburnum opulus L., 1753",Viburnum opulus,Viorne obier,"fruits, bourgeons, écorce, feuilles"
129468,"Vinca major L., 1753",Vinca major,Grande pervenche,plante entière
129470,"Vinca minor L., 1753",Vinca minor,Petite pervenche,plante entière
129477,"Vincetoxicum hirundinaria Medik., 1790",Vincetoxicum hirundinaria,NA,plante entière
129506,"Viola arvensis Murray, 1770",Viola arvensis,NA,fleurs
129520,"Viola biflora L., 1753",Viola biflora,NA,"fleurs, feuilles, partie souterraine"
129527,"Viola calcarata L., 1753",Viola calcarata,NA,fleurs
129529,"Viola canina L., 1753",Viola canina,NA,"fleurs, feuilles"
129539,"Viola collina Besser, 1816",Viola collina,NA,"fleurs, feuilles"
129596,"Viola jordanii Hanry, 1853",Viola jordanii,NA,fleurs
129614,"Viola lutea Huds., 1762",Viola lutea,NA,"plante entière, partie aérienne, fleurs"
129632,"Viola odorata L., 1753",Viola odorata,Violette odorante,"fleurs, feuilles, graines, plante entière"
129639,"Viola palustris L., 1753",Viola palustris,NA,"fleurs, feuilles"
129666,"Viola reichenbachiana Jord. ex Boreau, 1857",Viola reichenbachiana,NA,"fleurs, feuilles, partie aérienne"
129674,"Viola rupestris F.W.Schmidt, 1791",Viola rupestris,NA,"fleurs, feuilles"
129723,"Viola tricolor L., 1753",Viola tricolor,Pensée sauvage,"plante entière, partie aérienne, fleurs, partie souterraine, feuilles"
129906,"Viscum album L., 1753",Viscum album,Gui du pommier,"jeunes pousses, feuilles, partie aérienne, sève, fruits"
129910,"Visnaga daucoides Gaertn., 1788",Visnaga daucoides,NA,plante entière
130484,"Xanthium orientale L., 1763",Xanthium orientale,NA,"graines, feuilles, partie souterraine"
130491,"Xanthium spinosum L., 1753",Xanthium spinosum,NA,"plante entière, partie souterraine"
130492,"Xanthium strumarium L., 1753",Xanthium strumarium,NA,"feuilles, graines, partie souterraine, fruits"
162352,"Ziziphus jujuba Mill., 1768 [nom. cons.]",Ziziphus jujuba,NA,"fruits, feuilles, partie souterraine"
